ID,Name,Location,Description,Image,Categories,Category,Favourited By,Website,Category Search Index,Sustainability Criteria,Created,Updated
662,HoMie,"296 Brunswick St, Fitzroy VIC 3065, Australia","HoMie is redefining fashion by putting 100% of profit made towards its mission to support young people affected by homelessness or hardship, and to equip them with the skills, confidence and experiences needed to be work-ready and better prepared for the future. Since their inception in 2015, HoMie has supported over 3,569 young people through the HoMie Pathway Alliance and VIP Programs, donated 14,175 items of clothing to young people impacted by homelessness and hardship, and employed young people in over 22,789 hours of paid retail employment at the HoMie store or with HoMie-trained partners (Champion, Nike, Sportsgirl).","{'url':'430cc8dadccb02358b23b6b2527b8e4077d11a7133d99673897df3839b4c8339.png','size':871374,'width':1200,'height':609,'filename':'homie.png','metadata':{'width':1200,'height':609,'blurHash':'eULN_R$v0eISNG%h%1E1oIt6kYxbRmxax]-=sps;jba$slflR*R+n$','blurHashWidth':32}}",Fashion,Fashion,,https://homie.com.au/,"Fashion, All",,2025-03-07T10:07:26.658Z,2025-03-07T10:07:52.377Z
661,Hunter Gatherer,"274 Brunswick St, Fitzroy VIC 3065, Australia","Hunter Gatherer is an iconic pre-loved vintage and contemporary fashion not for profit retailer stocking secondhand apparel, with a conscious approach to avoiding fast fashion brands. As a social enterprise of the Brotherhood of St. Laurence, funds raised through the store help to support the most vulnerable members of the local community.","{'url':'03421f0d03e7228e159122faf1ec1b149a6b3f6c0b145de9dfaf29e95ec5fe88.jpg','size':149428,'width':983,'height':642,'filename':'hunter gatherer.jpg','metadata':{'width':983,'height':642,'blurHash':'eWHBuXtRSfX7S1-QM{NZR%S2~VS2X7kCf+wHozozozkC%2xukCofWB','blurHashWidth':32}}",Fashion,Fashion,,https://onestreetfitzall.com.au/Trader/hunter-gatherer/,"Fashion, All",,2025-03-07T10:04:55.399Z,2025-03-07T10:14:39.745Z
660,Keoma,"266 Brunswick St, Fitzroy VIC 3065, Australia","Founded in 2017, Keoma has stood as a curator of independent brands, bringing together locally and globally made products that have a strong focus on quality design, sustainable and ethical production practices. Keoma's Fitzroy store offers customers an unique experience by showcasing a diverse array of fashion, home, and lifestyle brands such as Birkenstock, Freitag and Jost, which enhance and add value to your day to day living. This is also complemented by offering ways to care, repair, and restore purchases so that they can be treasured for as long as possible through Keoma-connected stores like Freitag at Keoma (located at 412 Brunswick St, Fitzroy).","{'url':'41871375c85f6e7ddf5cf4bbc531b2d2e01f6b3eeb0aa6693f485b7ac5bba668.jpg','size':66893,'width':623,'height':448,'filename':'keoma.jpg','metadata':{'width':623,'height':448,'blurHash':'ejMjjqSQkCRkt7~p%2xZRiRjxus+f,xaV@IpWAt7WXjYskRnjYf*bH','blurHashWidth':32}}",Fashion,Fashion,,https://keoma.com.au/,"Fashion, All",,2025-03-07T10:03:57.640Z,2025-03-07T10:15:06.920Z
659,Kumo,"242 Brunswick St, Fitzroy VIC 3065, Australia","Kumo is an independent women's clothing label established by Jen Deery in 2015. Their ranges feature original, edgy styles, with a minimalist aesthetic and the highest quality premium Japanese fabrics. Kumo's small run collections are designed and made in Melbourne, with an emphasis on sustainability and minimising waste.

","{'url':'92c9908bef46d27eb950c7607aaf0ae43091334be6cb7909182cdb774dad0a3e.jpg','size':164982,'width':600,'height':398,'filename':'KUMO STORE 1 - Jen Deery.jpg','metadata':{'width':600,'height':398,'blurHash':'eaIq.R-;%ir=TL~qx^%gNHWUx@t7xuMyM{M|ofbcbHoMIVjbocozs:','blurHashWidth':32}}",Fashion,Fashion,,https://www.kumoclothing.com.au/,"Fashion, All",,2025-03-07T10:03:08.269Z,2025-03-07T10:13:50.954Z
658,BOYD Studio,"183 Little Collins St, Melbourne VIC 3000, Australia","B.O.Y.D STUDIO produces slow fashion made with integrity and a commitment to minimising its impact on the environment. Each B.O.Y.D garment is designed and sustainably manufactured here in Melbourne

Founded by Fitzroy local Simon Foretti, Aria Award winning musician with over 20 years in the fashion/denim industry, B.O.Y.D STUDIO combines his love of design, art and music. An acronym for beat of your drum, B.O.Y.D studio creates premium garments for men and women that offer effortless style and are designed to last. Simon is a passionate local denim artisan who is obsessed with denim, collaborating with some of the worlds best denim mills, and local denim artisans.

The studio’s design ethos is on clean, classic lines featuring natural fabrications. Premium denim, contemporary outerwear and tailoring are the main focus.

Passionate about providing a fresh and unique retail environment, B.O.Y.D STUDIO also offers a bespoke service, in-house tailoring, garment customisation and a personalised styling service.

Buy less, Choose well, Support local","{'url':'1e2a714fcd92e3e59cae3568df1c056b8a907cdcf4efdffa9404f2be89e5337b.png','size':1780718,'width':1845,'height':580,'filename':'BOYD Studio.png','metadata':{'width':1845,'height':580,'blurHash':'ePL4ys-;wf?G?b~qM|ogRiae?bRkMyaxIo_3ofRis:xut5M{xvjYMx','blurHashWidth':32}}",Fashion,Fashion,,https://boydstudio.com.au/,"Fashion, All",,2025-03-07T10:01:46.722Z,2025-03-07T10:01:54.321Z
657,Seekers,"203 Gertrude St, Fitzroy VIC 3065, Australia","Seekers is an independent, family-owned and operated Optometry practice and has been B Corp certified since August 2023. Established by Dr Jayson Stone, the Seekers team delivers quality eye health care services and eye wear to their local community. Their eye health assessments are comprehensive, unrushed and utilise state of the art technology to provide the best possible care and vision for their patients. Seekers only dispense the highest quality spectacles, optical lenses and contact lenses. Their optical frames and sunglasses are master-crafted, constructed using strong, durable materials such as titanium and cotton-based acetates to ensure they last and can be easily repaired, refurbished and re-lensed when a client's optical prescription changes. Seekers embrace the slow fashion movement and encourage pre-loved frames to be reused by offering a 20% discount on new lenses when fitted to a client's existing frames. They are also working to reduce waste in the optical industry by partnering with suppliers and recycling facilities in their spectacle and contact lens waste recycling programs. Seekers are also closely engaged with their community, supporting local community arts programs and charities through quarterly donations to causes selected by their clients.","{'url':'5fc66b7da5b1a6b54540250f64eb6bbb2432348390e7d3206a7c25020e3a3dc1.png','size':33123,'width':2000,'height':752,'filename':'Seekers logo gold (2) - Kye O'Donnell.png','metadata':{'width':2000,'height':752,'blurHash':'elRMSaxaxuxuM{~qofofogae-;ayofj[WBt5j@ayayWBj[fQaej[og','blurHashWidth':32}}",Home & Living,Home & Living,,https://seekersoptical.com.au/,"Home & Living, All",,2025-03-07T09:59:03.452Z,2025-03-07T10:00:02.083Z
656,Kowtow Australia |  Kowtow Ethical & Organic Clothing,"195 Gertrude St, Fitzroy VIC 3065, Australia","Kowtow's ethos is to see clothing as a vessel for a larger purpose - a step towards a healthier planet and a fairer world. Founded in New Zealand by Gosia Piatek in 2006, Kowtow’s garments are made entirely from 100% certified Fairtrade cotton, traced from seed-to-garment with Fairtrade-certified partners throughout their supply chain. This is also complemented by their use of the Global Organic Standard certification with all their garments, ensuring that all items of clothing are made from at least 70% organic fibers as well as being free from chlorine bleach, toxic heavy metals, formaldehyde and aromatic solvents. On top of this, their attainment of B Corp certification, signifies their commitment to balancing profit and purpose by meeting the highest standards for social and environmental performance, positioning Kowtow as one of Australia and New Zealand's leading figures in sustainable and ethical fashion.","{'url':'790c0b7243248e4359722b73ff0be164c441aba17acc2a4dc01cdb729d06962b.jpeg','size':123364,'width':750,'height':805,'filename':'kowtow.jpeg','metadata':{'width':750,'height':805,'blurHash':'eFI4^Z~p%g%LtS#+t6t6ozWX?w%ND%M{t6OEt6spxuof-:WBNGoMjY','blurHashWidth':32}}",Fashion,Fashion,,https://au.kowtowclothing.com/,"Fashion, All",,2025-03-07T09:05:43.812Z,2025-03-07T09:30:32.288Z
655,Gentle Threads,"66B Mountjoy Parade, Lorne VIC 3232, Australia","We are passionate about being part of a fashion industry that is putting the health of our planet into the forefront of the design process. Our aim is to educate, inspire and learn about the possibilities of natural fibres combining traditional techniques with new and emerging technologies. Gentle Threads operates under a slow fashion philosophy. Follow us on Instagram to stay up to date with all things gentle.","{'url':'eb76d473c3fb728f6e910bd6cac779e1dfed44fb8e2c8c2c55c6dd2b43a7d3f6.png','size':2540,'width':225,'height':225,'filename':'gentleThreads.png','metadata':{'width':225,'height':225,'blurHash':'e8RC[5~qfQ~qj]~qofj[ofay_3fQfQj[WB~qofayofof9EfQayayof','blurHashWidth':32}}",Fashion,Fashion,,https://gentlethreads.net.au/,"All, Fashion",,2025-03-07T05:42:48.699Z,2025-03-07T05:44:24.920Z
654,Sister Studios,"105 Scotchmer St, Fitzroy North VIC 3068, Australia","To tread as lightly as possible on our local environment has and will always be front of mind here at SISTER. From a collection’s conception right through to you wearing your garments, we have carefully considered ways in which SISTER can be gentler on mother earth.

Often, even before starting a collection, our fabric choices are made based upon a selection of dead stock options we source. Designing our collections around fabrics that would be otherwise wasted is not only a fun challenge but works perfectly with our conservative and considered production approach. We operate on a lean manufacturing system which translates to limited edition garments to minimise the occurrence of waste throughout our supply chain.

Through optimising our resources from designing patterns with minimal offcuts to creating small goods with fabrics left over, we can get the most out of what we have. For anything left over, we will always donate scraps to local kindergartens, schools or studios who will breathe new life into them.

Operating locally in Melbourne also helps us tread more lightly within our manufacturing and courier processes. We often transport goods to and from our manufacturers ourselves, opting not to use plastic packaging.

Environmentally mindful considerations have also been made when it comes to delivering your online orders and the directions to care for your SISTER pieces.

SISTER parcels are packed with love and sent within a compostable satchel that will decompose within your household composting system. Throughout your wearing relationship, we encourage our sisterhood to care for their pieces with a gentle and conscious approach - Only wash, when necessary, with cold water when possible and let them dry naturally out of the rays of the sun.","{'url':'bf16557d8f6965beff61470ffff71022186469bff5d2fba955ca07793cd289f4.jpeg','size':8125,'width':269,'height':187,'filename':'sisterStudios.jpeg','metadata':{'width':269,'height':187,'blurHash':'eONJ,y~p%M?v?b%$D%?bj[of_2ITRjV@Rjx]t7M{ofV@MxtRofWBof','blurHashWidth':32}}",Fashion,Fashion,,https://sisterstudios.com.au/,"Fashion, All",,2025-03-07T04:38:34.273Z,2025-03-07T04:43:25.009Z
653,Bhumi,"108 Wellington St, Collingwood VIC 3066, Australia","Bhumi is a bedding and apparel brand incorporating sustainability and transparency as their core values into all aspects of their business to ensure a positive impact is had on the planet and people.

This commitment is upheld through using GOTS certified organic cotton used in Fair Trade factories, measuring their impact through third-party authorities like Green Story and Simpli Zero, and disclosing the entire supply chain journey of the production process on their website.

Bhumi also contributes to sustainability through supporting initiatives like the Mount Sandy Conservation project.","{'url':'229aa54a342c5a38fd930ecd4597216b1175376609978fcb20d2b831cd4e2791.jpeg','size':2570,'width':210,'height':240,'filename':'bhumi.jpeg','metadata':{'width':210,'height':240,'blurHash':'eCONB^D$t7_3IU_4%fIUM{t7IUj?ofofoz-;M{oft7M{kCxuWBRQt7','blurHashWidth':32}}",Home & Living,Home & Living,,https://bhumi.com.au/,"Home & Living, All",,2025-02-14T23:33:02.138Z,2025-03-06T02:52:26.179Z
652,Preston Market,"30A The Centreway, Preston VIC 3072, Australia","Lively, indoor venue with colorful shops & stalls selling produce, baked goods, clothing & more.","{'url':'3c45efcf610bf4cbe1a05c4a58a9c52639b0b734ebf9e47a66a936a0e2ec1d21.jpeg','size':15073,'width':275,'height':183,'filename':'prestonMarket.jpeg','metadata':{'width':275,'height':183,'blurHash':'eID[^CInobE7oIpHnhs=a0s;0hoIo#n}kC$+M{S0NgaxavNGoMxCWq','blurHashWidth':32}}",Markets,Markets,,https://www.prestonmarket.com.au/,"Markets, All",,2024-10-28T09:46:32.298Z,2024-10-28T09:46:32.298Z
651,Gleadell Street Market,"Gleadell St, Richmond VIC 3121, Australia","Every Saturday, Gleadell Street in Richmond is transformed into a bustling fresh food market, overflowing with seasonal fruits and vegetables, fresh bread, herbs and other gourmet delights.","{'url':'08480c44f00e2c3ff5b39da89b94d23efd4cd8656b26b22dc0e3aeea4066d82f.jpg','size':923016,'width':2000,'height':1333,'filename':'MattKrumins_GleadellStMarket_2411_190518_HighRes.jpg','metadata':{'width':2000,'height':1333,'blurHash':'eOF$65%JIr-VRi0M9Ht7M{bdxYxss-M|n~%1ofW;xuoKD*NIa~WBa|','blurHashWidth':32}}",Markets,Markets,,https://www.instagram.com/gleadellstreetmarketofficial,"Markets, All",,2024-10-28T09:46:32.294Z,2024-10-28T09:46:32.294Z
650,Frank Green,"South Melbourne VIC 3205, Australia","All of our reusable cups, bottles and stainless steel products are stain and odour resistant, featuring a spill proof screw lid and a one handed toggle","{'url':'c2afb72528e6f09442ff2f3903e97def1446b14f55f83e8c9f5d0757ba89ccd8.jpeg','size':5498,'width':284,'height':177,'filename':'frankGreen.jpeg','metadata':{'width':284,'height':177,'blurHash':'eSLXoFvnZ,t,t8%7SwW9s:XQ?JbvSIr]RjtJn-WYWAV[-povV_WBjY','blurHashWidth':32}}",Home & Living,Home & Living,,https://frankgreen.com.au/,"Home & Living, All",,2024-10-28T09:46:32.289Z,2024-10-28T09:46:32.289Z
649,KeepCup,"71 Noone St, Clifton Hill VIC 3068, Australia","KeepCup is a Melbourne-based retailer established in 2009, offering a curated selection of reusable drinkware crafted with a focus on sustainability. Their products prioritise beautiful sustainable design focused on local manufacture, recovered and recycled materials and ethical supply chain. The product range from water bottles, to reusable coffee cups, leakproof travel mugs and bestselling iced coffee cold cups feature timeless design, aiming to elevate your daily beverage experience while minimising environmental impact. Made to last and designed for your drinking pleasure. KeepCup is a Living Wage employer, donates 1% of revenue to environmental causes and has been a Best for the Environment accredited B Corp since 2014.","{'url':'9ed8cccbb7123b22208ec9118b921f182f83d0247cef57ccc3264d49c376cd2d.gif','size':279817,'width':1000,'height':680,'filename':'DYO.gif','metadata':{'width':1000,'height':680,'blurHash':'ehCi5Wj[0fWV=|rqf7T0fkaJI.az$+j@NZb^fkeTf6o#IpayxtoLNG','blurHashWidth':32}}",Home & Living,Home & Living,,https://au.keepcup.com/,"Home & Living, All",,2024-10-28T09:46:32.284Z,2024-10-28T09:46:32.284Z
648,Royal Nut Company,"60 Fallon St, Brunswick VIC 3056, Australia","Buy the best nuts in Melbourne with delivery Australia-wide: from nuts, dried fruits, legumes & grains, spices, and healthy food.","{'url':'1ebb2bcf12d1c6ca55296d279270284aba00de66d85f86fb390878202fb99d1f.jpeg','size':7585,'width':274,'height':184,'filename':'royal.jpeg','metadata':{'width':274,'height':184,'blurHash':'eeGSQ1WUn$oLR-PEn$oeofoL9cj]ozofoL#*ozbIWBR,t7jYRkWBj@','blurHashWidth':32}}",Groceries,Groceries,,https://www.royalnutcompany.com.au/,"Groceries, All",,2024-10-28T09:46:32.279Z,2024-10-28T09:46:32.279Z
647,Urban Wellness Project,"177 Union Rd, Ascot Vale VIC 3032, Australia",Welcome to our little local health food store. We are passionate about providing our community with natural and organic products to live a healthy life. We always have an experienced naturopath in-store so we can provide the best advice and make sure you get the right product suited to your specific needs.,"{'url':'72c7eddaed8faadd8700ccabef495414c64900656ae340e89dda5cc9cd37b495.jpeg','size':14720,'width':225,'height':225,'filename':'urban.jpeg','metadata':{'width':225,'height':225,'blurHash':'e8EfKH%yRo#Qx]8^VuWBI=t8RhtRwbniROR#SvSyR.V[^lRpRoRiRj','blurHashWidth':32}}",Groceries,Groceries,,https://urbanwellnessproject.com.au/,"Groceries, All",,2024-10-28T09:46:32.275Z,2024-10-28T09:46:32.275Z
646,Wholefoods,"137 Mt Alexander Rd, Flemington VIC 3031, Australia","Wholefoods was founded in 1989 by Scott Kinnear, after he found it impossible to buy all of his organic grocery shopping at one shop. While there were a few organic stores scattered throughout Melbourne, none had everything he needed for his young family.","{'url':'247b27db7bd81dfc9f59e4ee7c2d3876bae86be04944c8fd7fbbf4b1971eb5ef.jpeg','size':13897,'width':275,'height':183,'filename':'wholefoods.jpeg','metadata':{'width':275,'height':183,'blurHash':'eSNluMNeE2ng%M~VRj%1bIofxV$$S$xZn%%2NGxtxZt6j]s-xat5Wr','blurHashWidth':32}}",Groceries,Groceries,,https://www.wholefoods.com.au/,"Groceries, All",,2024-10-28T09:46:32.270Z,2024-10-28T09:46:32.270Z
645,Wholefoods Brunswick,"467 Lygon St, Brunswick East VIC 3057, Australia","Wholefoods was founded in 1989 by Scott Kinnear, after he found it impossible to buy all of his organic grocery shopping at one shop. While there were a few organic stores scattered throughout Melbourne, none had everything he needed for his young family.","{'url':'247b27db7bd81dfc9f59e4ee7c2d3876bae86be04944c8fd7fbbf4b1971eb5ef.jpeg','size':13897,'width':275,'height':183,'filename':'wholefoods.jpeg','metadata':{'width':275,'height':183,'blurHash':'eSNluMNeE2ng%M~VRj%1bIofxV$$S$xZn%%2NGxtxZt6j]s-xat5Wr','blurHashWidth':32}}",Groceries,Groceries,,https://www.wholefoods.com.au/,"Groceries, All",,2024-10-28T09:46:32.265Z,2024-10-28T09:46:32.265Z
644,Friends of the Earth Melbourne Food Coop,"312 Smith St, Collingwood VIC 3066, Australia","WE ARE OPEN FOR YOUR Bulk GROCERY NEEDS AND TAKE-AWAY VEGAN ORGANIC FOOD AND DRINKS. Not For Profit bulk grocery store and vegan cafe with a focus on local, organic and ethically sourced food, produce and basics. Most products available package free. The FOE Food Co-op is part of Friends of the Earth Melbourne, a grassroots environmental organisation which has been active for 45 years.","{'url':'68ea52921a1a54e19411c200184842018674bd06ad7f950b9c24e4963146d6f3.jpeg','size':16003,'width':274,'height':184,'filename':'fote.jpeg','metadata':{'width':274,'height':184,'blurHash':'eEG8y6?v=|?GpKyE?vo~-;-n9Fs=bbtR%f~8VtOFovt9jJkVtRt8sR','blurHashWidth':32}}",Groceries,Groceries,,https://www.foefood.org/,"Groceries, All",,2024-10-28T09:46:32.260Z,2024-10-28T09:46:32.260Z
643,Wild Things Food,"230 St Georges Rd, Fitzroy North VIC 3068, Australia",Wild Things is delicated to peace and wellbeing for all humankind through service to community. The founders have been actively involved in wholefoods and organics since the mid 1980’s & at at Wild Things since opening in 2015.,"{'url':'57046a3eaf5bda9df2c0a89af9869051964b0a705329f687b4b7f01e92990381.jpeg','size':14542,'width':275,'height':183,'filename':'wildThings.jpeg','metadata':{'width':275,'height':183,'blurHash':'eFG*s7~U%MpHNe?]RPMyNHV@E,VsRixDou$QbuR+aLM|4=RlSeM}j[','blurHashWidth':32}}",Groceries,Groceries,,https://wildthingsfood.com.au/,"Groceries, All",,2024-10-28T09:46:32.255Z,2024-10-28T09:46:32.255Z
642,The Hub Bulk & Bare Food Store,"133 Station St, Fairfield VIC 3078, Australia","The Hub is a grocery store that is completely plastic free. You can bring your own containers or use our paper bags. We stock many items including nuts, dried fruits, flour, sugar, seeds, dried beans, rice, pasta, cereals, herbs and spices, confectionary, cleaning products, oils, vinegar, honey, washing/dishwashing powders, and much much more.","{'url':'0033263afe26e99f4f39defef63c7a416edc0af25667f9a13dae6cc79eb1c3fd.jpeg','size':11651,'width':259,'height':194,'filename':'theHub.jpeg','metadata':{'width':259,'height':194,'blurHash':'eGGR*X_2MxMxD$_NNGR.x^NG.9%2WA%LRj~p?H%2xZV@x^S5W?NbM|','blurHashWidth':32}}",Groceries,Groceries,,https://thehubbulkandbare.com.au/,"Groceries, All",,2024-10-28T09:46:32.250Z,2024-10-28T09:46:32.250Z
641,Gram Sustainable Elwood Bulk Food Store,"3/122 Ormond Rd, Elwood VIC 3184, Australia","We make it easy to live more sustainably. With affordable bulk foods, household supplies and personal care products at supermarket prices all package-free. Come and discover our store in Fitzroy and Elwood, Victoria.","{'url':'ffeecd0aae7f908bc092328f10001ad9c714466d35fbeb96aec5efd2b09f51b9.jpeg','size':7211,'width':300,'height':168,'filename':'gramSustainable.jpeg','metadata':{'width':300,'height':168,'blurHash':'eSPs@CTw9ZpFOX~p$*%2xaix_3v$xbogxFtiOpELR%XlV@j]xtsoV[','blurHashWidth':32}}",Groceries,Groceries,,https://gramsustainable.com.au/,"Groceries, All",,2024-10-28T09:46:32.245Z,2024-10-28T09:46:32.245Z
640,"CERES Grocery, Bakery and Cafe","Stewart St & Roberts St, Brunswick East VIC 3057, Australia","Food and essential products including organic fruit and vegetables, bulk goods, and locally produced essential items. Organic sourdough and pastries are baked on site at CERES Bakery, and the Grocery Cafe is open 7 days a week.","{'url':'de6fd28dab4a40b1e2e95de7e6e6f90dd603235065728f50d28e96183f3c0820.jpeg','size':14441,'width':259,'height':194,'filename':'ceres.jpeg','metadata':{'width':259,'height':194,'blurHash':'eQIXy%~qxv-:bI?sRisBt6jYE0M{V[RjV@D*%M%MNHbIICxZt6WBt7','blurHashWidth':32}}",Groceries,Groceries,,https://ceres.org.au/grocery/,"Groceries, All",,2024-10-28T09:46:32.240Z,2024-10-28T09:46:32.240Z
639,Terra Madre,"775-781 Sydney Rd, Brunswick VIC 3056, Australia","Terra Madre is a network of food communities. Terra Madre network was launched by the Slow Food grass roots organization, and the intent is to provide small-scale farmers, breeders, fishers and food artisans whose approach to food production protects the environment and communities.","{'url':'b9d1aaac279c9cf926fa2194ccb9cca23a74115096fe5c42bdbd8c7f982a92fc.jpeg','size':16093,'width':275,'height':183,'filename':'terraMadre.jpeg','metadata':{'width':275,'height':183,'blurHash':'eJHK%oIAw4x[EK~VWAs-kCjbtkJ7agn7njsktQs+t5tQ#8%MjDS1Wr','blurHashWidth':32}}",Groceries,Groceries,,https://www.terramadre.com.au/,"Groceries, All",,2024-10-28T09:46:32.235Z,2024-10-28T09:46:32.235Z
638,Terra Madre,"101/105 High St, Northcote VIC 3070, Australia","Terra Madre is a network of food communities. Terra Madre network was launched by the Slow Food grass roots organization, and the intent is to provide small-scale farmers, breeders, fishers and food artisans whose approach to food production protects the environment and communities.","{'url':'b9d1aaac279c9cf926fa2194ccb9cca23a74115096fe5c42bdbd8c7f982a92fc.jpeg','size':16093,'width':275,'height':183,'filename':'terraMadre.jpeg','metadata':{'width':275,'height':183,'blurHash':'eJHK%oIAw4x[EK~VWAs-kCjbtkJ7agn7njsktQs+t5tQ#8%MjDS1Wr','blurHashWidth':32}}",Groceries,Groceries,,https://www.terramadre.com.au/,"Groceries, All",,2024-10-28T09:46:32.231Z,2024-10-28T09:46:32.231Z
637,The Source Bulk Foods,"70 Middleborough Rd, Burwood East VIC 3151, Australia","The Source Bulk Foods has over 50 stores around Australia. Discover over 400 products including wholefoods, health foods, grains, oils, superfoods and more.","{'url':'4ab05bf35f8423c6ef1e72ab4580bea655b84d1de7fc3ff3168e058ffcdd269b.jpeg','size':10479,'width':318,'height':159,'filename':'source.jpeg','metadata':{'width':318,'height':159,'blurHash':'eDEySrx].8?bD%_NtR?w%2xuV?bHM{e.xus:Rji_oeM{s;V@s:fkWC','blurHashWidth':32}}",Groceries,Groceries,,https://thesourcebulkfoods.com.au/,"Groceries, All",,2024-10-28T09:46:32.226Z,2024-10-28T09:46:32.226Z
636,The Source Bulk Foods,"440A Hampton St, Hampton VIC 3188, Australia","The Source Bulk Foods has over 50 stores around Australia. Discover over 400 products including wholefoods, health foods, grains, oils, superfoods and more.","{'url':'4ab05bf35f8423c6ef1e72ab4580bea655b84d1de7fc3ff3168e058ffcdd269b.jpeg','size':10479,'width':318,'height':159,'filename':'source.jpeg','metadata':{'width':318,'height':159,'blurHash':'eDEySrx].8?bD%_NtR?w%2xuV?bHM{e.xus:Rji_oeM{s;V@s:fkWC','blurHashWidth':32}}",Groceries,Groceries,,https://thesourcebulkfoods.com.au/,"Groceries, All",,2024-10-28T09:46:32.221Z,2024-10-28T09:46:32.221Z
635,The Source Bulk Foods,"749 Burke Rd, Camberwell VIC 3124, Australia","The Source Bulk Foods has over 50 stores around Australia. Discover over 400 products including wholefoods, health foods, grains, oils, superfoods and more.","{'url':'4ab05bf35f8423c6ef1e72ab4580bea655b84d1de7fc3ff3168e058ffcdd269b.jpeg','size':10479,'width':318,'height':159,'filename':'source.jpeg','metadata':{'width':318,'height':159,'blurHash':'eDEySrx].8?bD%_NtR?w%2xuV?bHM{e.xus:Rji_oeM{s;V@s:fkWC','blurHashWidth':32}}",Groceries,Groceries,,https://thesourcebulkfoods.com.au/,"Groceries, All",,2024-10-28T09:46:32.216Z,2024-10-28T09:46:32.216Z
634,The Source Bulk Foods,"Shop 5/24 Spence St, Cairns City QLD 4870, Australia","The Source Bulk Foods has over 50 stores around Australia. Discover over 400 products including wholefoods, health foods, grains, oils, superfoods and more.","{'url':'4ab05bf35f8423c6ef1e72ab4580bea655b84d1de7fc3ff3168e058ffcdd269b.jpeg','size':10479,'width':318,'height':159,'filename':'source.jpeg','metadata':{'width':318,'height':159,'blurHash':'eDEySrx].8?bD%_NtR?w%2xuV?bHM{e.xus:Rji_oeM{s;V@s:fkWC','blurHashWidth':32}}",Groceries,Groceries,,https://thesourcebulkfoods.com.au/,"Groceries, All",,2024-10-28T09:46:32.211Z,2024-10-28T09:46:32.211Z
633,The Source Bulk Foods,"112 Sydney Rd, Brunswick VIC 3056, Australia","The Source Bulk Foods has over 50 stores around Australia. Discover over 400 products including wholefoods, health foods, grains, oils, superfoods and more.","{'url':'4ab05bf35f8423c6ef1e72ab4580bea655b84d1de7fc3ff3168e058ffcdd269b.jpeg','size':10479,'width':318,'height':159,'filename':'source.jpeg','metadata':{'width':318,'height':159,'blurHash':'eDEySrx].8?bD%_NtR?w%2xuV?bHM{e.xus:Rji_oeM{s;V@s:fkWC','blurHashWidth':32}}",Groceries,Groceries,,https://thesourcebulkfoods.com.au/,"Groceries, All",,2024-10-28T09:46:32.206Z,2024-10-28T09:46:32.206Z
632,The Source Bulk Foods - Collingwood,"202 Smith St, Collingwood VIC 3066, Australia","The Source Bulk Foods has over 50 stores around Australia. Discover over 400 products including wholefoods, health foods, grains, oils, superfoods and more.","{'url':'4ab05bf35f8423c6ef1e72ab4580bea655b84d1de7fc3ff3168e058ffcdd269b.jpeg','size':10479,'width':318,'height':159,'filename':'source.jpeg','metadata':{'width':318,'height':159,'blurHash':'eDEySrx].8?bD%_NtR?w%2xuV?bHM{e.xus:Rji_oeM{s;V@s:fkWC','blurHashWidth':32}}",Groceries,Groceries,,https://thesourcebulkfoods.com.au/,"Groceries, All",,2024-10-28T09:46:32.201Z,2024-10-28T09:46:32.201Z
631,dot COMME,"252 Swanston St, Melbourne VIC 3000, Australia","dot COMME blurs boundaries between artefacts and merchandise, museum pieces and retail products, art and fashion.' - i-D UK 'Octavius, who was “born to be a collector,” has an obsessive knack for categorising and archiving the clothing he’s sourced from the farthest corners of the globe.' - DAZED USA Two Melbourne stores Level 3 and Level 4 Curtin House that showcase archival vintage garments from Japanese designers; COMME des GARÇONS, Yohji Yamamoto, Issey Miyake and Belgian designer Walter Van Beirendonck.","{'url':'07fb10d137539a61f26a90bcd04d305a37cc1a157597a56a165d362b1b149ff5.jpeg','size':6625,'width':275,'height':183,'filename':'dotComme.jpeg','metadata':{'width':275,'height':183,'blurHash':'eFNdUQRjbFnif+%Mozbcj[WB?^?bD%-;ae-;oftRV@bIDiIotRV@bH','blurHashWidth':32}}",Fashion,Fashion,,https://www.dotcomme.net/,"Fashion, All",,2024-10-28T09:46:32.197Z,2024-10-28T09:46:32.197Z
630,Green Horse,"255 High St, Northcote VIC 3070, Australia","At Green Horse passion is what drives us—passion for quality, connection and balance. We’re a close-knit team who strive to bring beautiful brands full of purpose to you. We love the products we source not only for their charm and timeless style but also for their sustainability and their enriching impact. Through curating products that are both good for you and the planet, we want to help you find that perfect item for your wardrobe or home.","{'url':'97942cc217ddfcbf4249df771b9b23d7c0f0990bf91a7ce3c6ee3bb41478068f.png','size':1179800,'width':1024,'height':683,'filename':'greenhorse.png','metadata':{'width':1024,'height':683,'blurHash':'egLE7-4nRi-pae~qMxWYRjRj%MoyRPbIj?xua#oet6oLozoJkCofWB','blurHashWidth':32}}",Fashion,Fashion,,https://greenhorse.com.au/,"Fashion, All",,2024-10-28T09:46:32.192Z,2024-10-28T09:46:32.192Z
629,Bruce,"157 Gertrude St, Fitzroy VIC 3065, Australia","Bruce is a consignment store in Melbourne, we buy & sell second hand, high-end Artisanal, Japanese and European designer clothing, handbags and accessories.","{'url':'e8f97f28634f251c0a1ff641177c003e30cb405675de1e11f3cd0f0e9bc5fef4.jpeg','size':3137,'width':275,'height':183,'filename':'shopBruce.jpeg','metadata':{'width':275,'height':183,'blurHash':'eTODnK_4Rjs:WW~qRjWBozaet7Rjoeozj?%MozaxjZa}a|f6aekCae','blurHashWidth':32}}",Fashion,Fashion,,https://shopbruce.com.au/,"Fashion, All",,2024-10-28T09:46:32.187Z,2024-10-28T09:46:32.187Z
628,Nobody Denim,"165 Donald St, Brunswick East VIC 3057, Australia","Since 1999, Nobody Denim has been celebrated in Australia and around the world for premium and branded jeans. Our approach to design is both considered and sustainable, mixing understated ease with quality that bridge the classic looks with contemporary style.","{'url':'60fa974520c4718f453e9f737e73913f21b2145d7599782487b92ccdb637d5a4.jpeg','size':11072,'width':269,'height':187,'filename':'nobody.jpeg','metadata':{'width':269,'height':187,'blurHash':'eUG8cc%0XoM|Ne~Uoet7WBI=ofM|t7V@S5xaWVS5n$oLxuR*WYn~of','blurHashWidth':32}}",Fashion,Fashion,,https://nobodydenim.com/,"Fashion, All",,2024-10-28T09:46:32.182Z,2024-10-28T09:46:32.182Z
627,FME Apparel @ ODE Collective,"340-342 Johnston St, Abbotsford VIC 3067, Australia","Celebrating creative expression and community, through photography and clothing design. Proudly forever Made in Melbourne/Naarm. Xx","{'url':'7664fe761c753d5ecb425ae04fa0905b8dde71a4ee44c0eaa5494b022f7b9be7.jpg','size':462845,'width':1360,'height':901,'filename':'fme-apparel.jpg','metadata':{'width':1360,'height':901,'blurHash':'eLEo@~=_029GIq_0%0NeD*NH4pj]%KRkf+9aS6sRxts,D*R.of%Ls8','blurHashWidth':32}}",Fashion,Fashion,,https://www.fmeapparel.com.au/,"Fashion, All",,2024-10-28T09:46:32.177Z,2024-10-28T09:46:32.177Z
626,Goodbyes,"2 Johnston St, Collingwood VIC 3066, Australia","Goodbyes is a resale service and secondhand shopping experience.
We provide a way for you to shop and sell pre-loved clothing locally, minimising your environmental impact at the same time.

In store you’ll find local Australian and New Zealand labels, international designers, unique vintage and well-made basics.

We cater to masc and femme styles in all sizes.

Come in, take time. Touch and try. Leave with something special, that makes you feel like you.","{'url':'f3b7a8eb074c387f87a146fb41bced7f02ad4238c0aa1c74b988639729dd8478.jpeg','size':11392,'width':275,'height':184,'filename':'goodbyes.jpeg','metadata':{'width':275,'height':184,'blurHash':'eUIrED~W9GIVWC~qM{M{%M-p-;ofxuxtWBxaRin$RjRjogR*RjWBoe','blurHashWidth':32}}",Fashion,Fashion,,https://www.goodbyes.com.au/,"Fashion, All",,2024-10-28T09:46:32.173Z,2024-10-28T09:46:32.173Z
625,Brotherhood of St. Laurence,"145 Lygon St, Brunswick VIC 3056, Australia",The Brotherhood of St. Laurence (BSL) is a social justice organisation that works to prevent and alleviate poverty across Australia.,"{'url':'3b31223db29700061d344d8f539f3f7c19cd54932e365a015a3e79222e8dc1fe.jpeg','size':11481,'width':275,'height':183,'filename':'bsl.jpeg','metadata':{'width':275,'height':183,'blurHash':'ejI#cKR5WCjZt7_4$%oft7WV%gslt7ogbbSis+ofbcoz%MslfQozWV','blurHashWidth':32}}",Fashion,Fashion,,https://www.bsl.org.au/,"Fashion, All",,2024-10-28T09:46:32.168Z,2024-10-28T09:46:32.168Z
624,ELK Little Collins Store,"182 Little Collins St, Melbourne VIC 3000, Australia","Founded by Marnie Goding and Adam Koniaras in 2004, their ongoing commitment to ethical and environmental practices has positioned ELK as a leader in responsible innovation for the fashion industry. Leading the way in transparent business practices, ELK's conscious approach to fashion resonates with their global audience through a design refinement and an intellect that is innately their own. We offer a wide collection of women’s clothing including dresses, tops & knitwear, footwear, jewellery, leather bags & men's accessories, at our Little Collins store.","{'url':'f683b1b981c61e1c12c1fdde037a25ae063436b68099497fdd75a113bba0d451.jpeg','size':8463,'width':275,'height':183,'filename':'elk.jpeg','metadata':{'width':275,'height':183,'blurHash':'eHAmo4%N4:R+M{NGays:j[of0LRj-:s:t7%2oeR*WBRjofj[j]j]WX','blurHashWidth':32}}",Fashion,Fashion,,https://elkthelabel.com/,"Fashion, All",,2024-10-28T09:46:32.163Z,2024-10-28T09:46:32.163Z
623,Elk Clearance Store at Reservoir,"122-124 Henty St, Reservoir VIC 3073, Australia","Our Reservoir store is where you will find samples and end of line clearance items from ELK. To shop our complete collection of women’s clothing, footwear, accessories & bags, visit our stores across Melbourne, or shop online. Founded by Marnie Goding and Adam Koniaras in 2004, their ongoing commitment to ethical and environmental practices has positioned ELK as a leader in responsible innovation for the fashion industry. Leading the way in transparent business practices, ELK's conscious approach to fashion resonates with their global audience through a design refinement and an intellect that is innately their own.","{'url':'af42bcebd7ef261284e2ffe67d89e4596100bd36f7c03d82a6c40a18b75a352e.jpeg','size':11725,'width':220,'height':229,'filename':'elk.jpeg','metadata':{'width':220,'height':229,'blurHash':'eVI4w.MxM{~WsR.8I;bct7ozRje-ofM|kCWBD%Rjs.V[RPM{e.M|WB','blurHashWidth':32}}",Fashion,Fashion,,https://elkthelabel.com/,"Fashion, All",,2024-10-28T09:46:32.159Z,2024-10-28T09:46:32.159Z
622,Vintage Sole,"37 Swanston St, Melbourne VIC 3000, Australia",Vintage Sole provides quality retro clothing as an ethical alternative to fast fashion. Dressing well can be both sustainable and affordable.,"{'url':'2e6dbf6cffbe4d3f14a8e087d3d1ab7279b0c0d28ace5fe202852b1e2bea0e2c.jpeg','size':11842,'width':317,'height':159,'filename':'vintageSoul.jpeg','metadata':{'width':317,'height':159,'blurHash':'eTJR8O?cIWRjRkx]-;t7RjxF~q-;kCWBo2_2t7R*oct6%Mxuofafxt','blurHashWidth':32}}",Fashion,Fashion,,https://www.vintagesole.com.au/,"Fashion, All",,2024-10-28T09:46:32.154Z,2024-10-28T09:46:32.154Z
621,Vintage Sole,"258 Brunswick St, Fitzroy VIC 3065, Australia",Vintage Sole provides quality retro clothing as an ethical alternative to fast fashion. Dressing well can be both sustainable and affordable.,"{'url':'2e6dbf6cffbe4d3f14a8e087d3d1ab7279b0c0d28ace5fe202852b1e2bea0e2c.jpeg','size':11842,'width':317,'height':159,'filename':'vintageSoul.jpeg','metadata':{'width':317,'height':159,'blurHash':'eTJR8O?cIWRjRkx]-;t7RjxF~q-;kCWBo2_2t7R*oct6%Mxuofafxt','blurHashWidth':32}}",Fashion,Fashion,,https://www.vintagesole.com.au/,"Fashion, All",,2024-10-28T09:46:32.149Z,2024-10-28T09:46:32.149Z
620,Vintage Sole,"489 Chapel St, South Yarra VIC 3141, Australia",Vintage Sole provides quality retro clothing as an ethical alternative to fast fashion. Dressing well can be both sustainable and affordable.,"{'url':'2e6dbf6cffbe4d3f14a8e087d3d1ab7279b0c0d28ace5fe202852b1e2bea0e2c.jpeg','size':11842,'width':317,'height':159,'filename':'vintageSoul.jpeg','metadata':{'width':317,'height':159,'blurHash':'eTJR8O?cIWRjRkx]-;t7RjxF~q-;kCWBo2_2t7R*oct6%Mxuofafxt','blurHashWidth':32}}",Fashion,Fashion,,https://www.vintagesole.com.au/,"Fashion, All",,2024-10-28T09:46:32.144Z,2024-10-28T09:46:32.144Z
618,Sister Studios,"105 Scotchmer St, Fitzroy North VIC 3068, Australia","SISTER Studios is a thoughtful and refreshing approach to womenswear, offering an alternative to fast fashion with collections that are ethically-made.","{'url':'bf16557d8f6965beff61470ffff71022186469bff5d2fba955ca07793cd289f4.jpeg','size':8125,'width':269,'height':187,'filename':'sister.jpeg','metadata':{'width':269,'height':187,'blurHash':'eONJ,y~p%M?v?b%$D%?bj[of_2ITRjV@Rjx]t7M{ofV@MxtRofWBof','blurHashWidth':32}}",Fashion,Fashion,,https://sisterstudios.com.au/,"Fashion, All",,2024-10-28T09:46:32.135Z,2024-10-28T09:46:32.135Z
617,The F L A T I R O N Label,"125 Station St, Malvern VIC 3144, Australia","Australian made ethical fashion designed by Melbourne sisters Pen + Sam with a lens on love, longevity, quality and covetability.","{'url':'f44a9d19f738e9879787bbff9929d4e04fe50851e4c8a97f99a6c308a915b74d.png','size':1747,'width':225,'height':225,'filename':'flatiron.png','metadata':{'width':225,'height':225,'blurHash':'e2GHx4~AM{^$t7~Aj@juj[j[IAfRt7j[WB^iofWBj?ayogayofj]a|','blurHashWidth':32}}",Fashion,Fashion,,https://theflatironlabel.com.au/,"Fashion, All",,2024-10-28T09:46:32.130Z,2024-10-28T09:46:32.130Z
616,The F L A T I R O N Label,"72 Willsmere Rd, Kew VIC 3101, Australia","Australian made ethical fashion designed by Melbourne sisters Pen + Sam with a lens on love, longevity, quality and covetability.","{'url':'f44a9d19f738e9879787bbff9929d4e04fe50851e4c8a97f99a6c308a915b74d.png','size':1747,'width':225,'height':225,'filename':'flatiron.png','metadata':{'width':225,'height':225,'blurHash':'e2GHx4~AM{^$t7~Aj@juj[j[IAfRt7j[WB^iofWBj?ayogayofj]a|','blurHashWidth':32}}",Fashion,Fashion,,https://theflatironlabel.com.au/,"Fashion, All",,2024-10-28T09:46:32.125Z,2024-10-28T09:46:32.125Z
615,The Acai Affect,"339 Centre Rd, Bentleigh VIC 3204, Australia","The Acai Affect is a health focused superfood bar in the heart of Bentleigh. We offer a range of bowls, smoothies & juices. Superfood bar Bentleigh.","{'url':'94b01260b8f4e728dfc75ad2d5287adc4dc8ae72dbdf18adad1cb17a4f139d3d.jpeg','size':10340,'width':308,'height':163,'filename':'acaiAffect.jpeg','metadata':{'width':308,'height':163,'blurHash':'eNH.yd9aY6%gJB~qNHNu%1WVX.RiNFt8jFt8j[V?W?t7r@s.WBX8oJ','blurHashWidth':32}}",Cafes & Restaurants,Cafes & Restaurants,,https://www.theacaiaffect.com.au/,"Cafes & Restaurants, All",,2024-10-28T09:46:32.121Z,2024-10-28T09:46:32.121Z
614,Ink Mind Core,"1/59 Stanley Ave, Mount Waverley VIC 3149, Australia","Ink Mind Core is a cafe and bar with a big focus on music and art. IMC has hosted eclectic acts over the years and is committed to delivering quality and showcasing best musical talents around.

Come find us and book your next event with us.

Free Entry… Always","{'url':'4ad9b709d19c1f5fe9ebfcc4f21f7c5e648106fcbef1560bc993560a84d9c193.jpeg','size':16873,'width':183,'height':275,'filename':'ink.jpeg','metadata':{'width':183,'height':275,'blurHash':'eaGScmITRk-:IoF8?DjrIpxZXUi]oJX9n$m*NHt8n$NbV=tSNHoct7','blurHashWidth':32}}",Cafes & Restaurants,Cafes & Restaurants,,https://inkmindcore.com.au/,"Cafes & Restaurants, All",,2024-10-28T09:46:32.116Z,2024-10-28T09:46:32.116Z
613,Vegie Bowl,"894 Princes Hwy, Springvale VIC 3171, Australia",Dive into a bowl of plant-based paradise at Vegie Bowl 🌱😄,"{'url':'a289725d9421433bb57a1b1c755dbc485b084f5f18b828c1d6bfbaa4070d1802.jpeg','size':9759,'width':276,'height':183,'filename':'vegieBowl.jpeg','metadata':{'width':276,'height':183,'blurHash':'eME2IGNaR%jFRj}@R+NGofRjM|M{WVofWBIpfjn%e:RjR*WVR*xut6','blurHashWidth':32}}",Cafes & Restaurants,Cafes & Restaurants,,https://www.facebook.com/vegiebowlAU/,"Cafes & Restaurants, All",,2024-10-28T09:46:32.110Z,2024-10-28T09:46:32.110Z
612,Raw Galore,"2/6 Matthews Rd, Bentleigh East VIC 3165, Australia","Vegan whole-foods business with 2 cafes located In Melbourne, Victoria. We specialise in raw, vegan, gluten free and dairy free products.","{'url':'631ea1f86d379153722c0ab48bbe9ec05a811249a4c434d12d0649295c2718f7.jpeg','size':14762,'width':251,'height':201,'filename':'rawGalore.jpeg','metadata':{'width':251,'height':201,'blurHash':'eLKdPaIb^m-nJ5_3$+ELkCXN}_bb%gixX5=|OWazJ5kD%hxbaKN=NG','blurHashWidth':32}}",Cafes & Restaurants,Cafes & Restaurants,,https://www.rawgalore.com.au/,"Cafes & Restaurants, All",,2024-10-28T09:46:32.105Z,2024-10-28T09:46:32.105Z
611,Veggie Chef,"53 Portman St, Oakleigh VIC 3166, Australia",Vegetarian and Vegan Food Restaurant,"{'url':'1e980a4b66a5cb7af411d3c6277481b092effaafe03d14d15ce7e93467b1db9f.jpeg','size':12114,'width':240,'height':192,'filename':'veggieChef.jpeg','metadata':{'width':240,'height':192,'blurHash':'eCIXEG01PXtRpKpb%Mxu%LIqx[M}-k%L9I?G9Go~Q,X9-o9uE4emtP','blurHashWidth':32}}",Cafes & Restaurants,Cafes & Restaurants,,https://lifeintouch.net/veggiechef,"Cafes & Restaurants, All",,2024-10-28T09:46:32.100Z,2024-10-28T09:46:32.100Z
610,Particle Cafe,"47 Military Rd, Avondale Heights VIC 3034, Australia","100% vegan with gluten free options cafe. Specialising in 4 types of plant-based mylk: macadamia, cashew, hazelnut and almond","{'url':'3a27af5eef88792341d158af339bf3dac02403314ad2969803a0f539d485b01b.jpeg','size':14562,'width':251,'height':201,'filename':'particleCafe.jpeg','metadata':{'width':251,'height':201,'blurHash':'eAHU8:_LtlIBi*~C-pS$oJtR?b-pxtt7Ny?vozoMR+I:=|S7R6k9tN','blurHashWidth':32}}",Cafes & Restaurants,Cafes & Restaurants,,https://www.facebook.com/particlecafe/,"Cafes & Restaurants, All",,2024-10-28T09:46:32.096Z,2024-10-28T09:46:32.096Z
609,COFFEE 8,"8 Inkerman St, St Kilda VIC 3182, Australia","COFFEE 8, Williamstown's only vegan and vegetarian café. 100% meat-free kitchen!","{'url':'22226135adacee132770680f1337762452143bd5d4daa4f8c66fe6e96ab38162.jpeg','size':3224,'width':276,'height':182,'filename':'coffee8.jpeg','metadata':{'width':276,'height':182,'blurHash':'eJSigP-;-;?bog?bj[ofofWB~Xs:D%WCRj~qofRQazt69FWCxuoKt8','blurHashWidth':32}}",Cafes & Restaurants,Cafes & Restaurants,,https://coffee8.au/,"Cafes & Restaurants, All",,2024-10-28T09:46:32.091Z,2024-10-28T09:46:32.091Z
608,Namaste Haifa,"555A North Rd, Ormond VIC 3204, Australia","We introduce insanely delicious authentic Indian dishes that are compliant. Try the authentic, world-famous Vegetarian Indian food on your next visit to the Namaste Haifa!","{'url':'b7bbb31eeb909359cef5969560aede73f6d8a4ed71d0e61984c8460585183b99.jpeg','size':14718,'width':251,'height':201,'filename':'namaste.jpeg','metadata':{'width':251,'height':201,'blurHash':'eALpNy%OvMv~xt?^.R~WgOS0=y?I4.kWtmxbs:pc%eM|O?kX^%.9K6','blurHashWidth':32}}",Cafes & Restaurants,Cafes & Restaurants,,https://namastehaifaonline.com.au/,"Cafes & Restaurants, All",,2024-10-28T09:46:32.085Z,2024-10-28T09:46:32.085Z
607,Cafe Bliss,"5 Mavis Ave, Brighton East VIC 3187, Australia","Welcome to Café Bliss, Brighton! Since 2015, our cozy café has stood as a local gem near Landcox Park. With its friendly atmosphere and natural beauty, Café Bliss offers a delightful escape for families and individuals alike. Discover the enchantment of Landcox Park through a leisurely stroll, or uncover serenity behind our café at the historic Buddhist center - Tara Institute, a heritage site dating back to 1854. Here, you can engage in meditation or savour a peaceful afternoon.","{'url':'df2660e63611e4d8aaebe1d7b74f2608353a9fa8edcd3090622caa13a4dcf6e5.jpeg','size':12624,'width':259,'height':194,'filename':'bliss.jpeg','metadata':{'width':259,'height':194,'blurHash':'eFE.hL~V=ybIbHGaNfJC%Ls9VZ-oxBIoNGIWt8t7oMs:jER%RkoLoz','blurHashWidth':32}}",Cafes & Restaurants,Cafes & Restaurants,,https://www.cafeblissbrighton.com.au/,"Cafes & Restaurants, All",,2024-10-28T09:46:32.080Z,2024-10-28T09:46:32.080Z
606,One for the Crow,"9 Commercial St, Maidstone VIC 3012, Australia","One For The Crow is a plant based cafe in Maidstone, Victoria; serving delicious vegan food and allp","{'url':'824bc2454f506e02c040f114773e1867d724d1f834ab6e643c1ca55410ffaec2.jpeg','size':11526,'width':281,'height':180,'filename':'crow.jpeg','metadata':{'width':281,'height':180,'blurHash':'eXFiAJpJxwtSt8x]oKj]oejZ~VnNRjnhoK%MX8X9X8kD-=bcW?ofRj','blurHashWidth':32}}",Cafes & Restaurants,Cafes & Restaurants,,https://www.facebook.com/OFTCcafenursery/,"Cafes & Restaurants, All",,2024-10-28T09:46:32.075Z,2024-10-28T09:46:32.075Z
605,Goodee,"1341 Dandenong Rd, Malvern East VIC 3148, Australia","Açai. Smoothie. Wholesome foods Find us on Lower Ground near the Food Atrium Powered by plants, we use whole nutritious foods to craft our menu that is so deceiving delicious, you can never tell the difference! Goodee - where healthier choices are tastier choices!","{'url':'8c41d555022d415e7255f4464cbc0f86d99c90051f0fc19a58a8c5070261cdef.png','size':2156,'width':300,'height':168,'filename':'goodie.png','metadata':{'width':300,'height':168,'blurHash':'eEEOy0x_I@tnod%%j]WWj]j@ItazxWoKWDu6j]odbIWWxWj@NKWWod','blurHashWidth':32}}",Cafes & Restaurants,Cafes & Restaurants,,https://www.goodeecafe.com.au/,"Cafes & Restaurants, All",,2024-10-28T09:46:32.071Z,2024-10-28T09:46:32.071Z
604,Krishna Pait Pooja,"3/578 Barkly St, West Footscray VIC 3012, Australia",Vegetarian and vegan Indian dishes served in an easygoing dining room with casual decor.,"{'url':'c5241fce6e0db70a4b51d2b5833b356a77ecef504073945da91df9969983343e.jpeg','size':13967,'width':338,'height':149,'filename':'krishna.jpeg','metadata':{'width':338,'height':149,'blurHash':'eHF4[pWs02%Lt,-BRjNGXRJ857s9pIkWIp=YWBR.kCI:=tNJspkVNH','blurHashWidth':32}}",Cafes & Restaurants,Cafes & Restaurants,,https://krishnapaitpooja.com.au/,"Cafes & Restaurants, All",,2024-10-28T09:46:32.066Z,2024-10-28T09:46:32.066Z
603,Chanhouse,"21 Rosella St, Doncaster East VIC 3109, Australia",Currently TAKE AWAY services only!!,"{'url':'5d342c949d402a4f79a652d7ea41c13fcdf4660ef9b9176a460585d952553206.jpeg','size':11322,'width':240,'height':192,'filename':'chanhouse.jpeg','metadata':{'width':240,'height':192,'blurHash':'eJHd~Vt7xuxsROtRa{tQbHaf0gs:xWNINK-URQIsn$bE0*NdNfWqxY','blurHashWidth':32}}",Cafes & Restaurants,Cafes & Restaurants,,https://chanhouse.tuckerfox.com.au/,"Cafes & Restaurants, All",,2024-10-28T09:46:32.061Z,2024-10-28T09:46:32.061Z
602,Plant Patty,"Shop 19/5 Janefield Dr, Bundoora VIC 3083, Australia","An idea that took seed a little while ago has now sprouted into PLANT PATTY!

Plant Patty 100% plant-based burgers will appeal to everyone, whether you’re a hardcore vegan or experimenting with meat-free Mondays, you’ll come for the plant-based goodness, and stay for the flavour.","{'url':'8385f9e63b79a0df6e33ccd533010156cdde8c79ae2702968fc7acdbd0f2a065.jpeg','size':14680,'width':251,'height':201,'filename':'plantPatty.jpeg','metadata':{'width':251,'height':201,'blurHash':'eGMs1O^$8_xu%2~p%1NZ%MM}8yiwyYt8MepbX,AG.7s;%$xbrrtSIV','blurHashWidth':32}}",Cafes & Restaurants,Cafes & Restaurants,,https://plantpatty.com.au/,"Cafes & Restaurants, All",,2024-10-28T09:46:32.056Z,2024-10-28T09:46:32.056Z
601,Sampoorna Vegetarian Surprise Indian Restaurant,"11 Essex Rd, Mount Waverley VIC 3149, Australia","SVS is a North Indian Vegetarian restaurant located in Mount Waverley, Victoria. The business is run by a lovely couple, Shikha and Parveen and their 2 children, Urvashi and Shubham.","{'url':'fb82d5ac2908c7a63d44cf2ecb43cef0ed90d1b0c854f98845a9ecdf602de33c.jpeg','size':12271,'width':268,'height':188,'filename':'samp.jpeg','metadata':{'width':268,'height':188,'blurHash':'eWMPj#xINZM_In~V%M$*xGsl^-s;RjV{V@xtbdNGahs.x]xabExrt7','blurHashWidth':32}}",Cafes & Restaurants,Cafes & Restaurants,,https://www.facebook.com/p/Sampoorna-Vegetarian-Surprise-100063770910812/,"Cafes & Restaurants, All",,2024-10-28T09:46:32.052Z,2024-10-28T09:46:32.052Z
600,Grouse,"2 Woorayl St, Carnegie VIC 3163, Australia",Grouse is a quintessentially Melbourne retro/modern bar with occasional entertainment and incidental joy. Anyone who is grouse is welcome at Grouse.,"{'url':'c5555568f1b33262e3bd7fc9740dc5c6e11ead17e012a995da4947f9d89e8b65.jpeg','size':15621,'width':318,'height':159,'filename':'grouse.jpeg','metadata':{'width':318,'height':159,'blurHash':'eQLMO@|3-U-7-SI[^ii{I[kVxtxFRjJ7Nd%MrrxtNGR+I@kCRkr]xZ','blurHashWidth':32}}",Cafes & Restaurants,Cafes & Restaurants,,https://www.grousemelbourne.com.au/,"Cafes & Restaurants, All",,2024-10-28T09:46:32.047Z,2024-10-28T09:46:32.047Z
599,Plant Patty,"2/94 Ormond Rd, Elwood VIC 3185, Australia","Plant Patty 100% plant-based burgers will appeal to everyone, whether you’re a hardcore vegan or experimenting with meat-free Mondays, you’ll come for the plant-based goodness, and stay for the flavour.","{'url':'8385f9e63b79a0df6e33ccd533010156cdde8c79ae2702968fc7acdbd0f2a065.jpeg','size':14680,'width':251,'height':201,'filename':'plantPatty.jpeg','metadata':{'width':251,'height':201,'blurHash':'eGMs1O^$8_xu%2~p%1NZ%MM}8yiwyYt8MepbX,AG.7s;%$xbrrtSIV','blurHashWidth':32}}",Cafes & Restaurants,Cafes & Restaurants,,https://plantpatty.com.au/,"Cafes & Restaurants, All",,2024-10-28T09:46:32.042Z,2024-10-28T09:46:32.042Z
598,Tai Chi Veggie,"292A Middleborough Rd, Blackburn South VIC 3130, Australia",Vegetarian and Vegan Food,"{'url':'f4ae243709622f94c1ae2db23a099f548586c91d261313198d819bac37fb2931.jpeg','size':15032,'width':251,'height':201,'filename':'taiChi.jpeg','metadata':{'width':251,'height':201,'blurHash':'eKHKnGX8NY$%-o-SRUEia$wcNIa~j]j[WBt7t3$ijYR+1PsmWBR-og','blurHashWidth':32}}",Cafes & Restaurants,Cafes & Restaurants,,https://taichiveggie.tuckerfox.com.au/,"Cafes & Restaurants, All",,2024-10-28T09:46:32.037Z,2024-10-28T09:46:32.037Z
597,Baba Sweets,"191 High St, Thomastown VIC 3074, Australia",We are the most authentic sweet shop near you offering the most exquisite range of Indian dishes. Our food is of the highest quality and affordably priced.,"{'url':'32c88668130975c413f09f22d8c7162d70a5fc8df38f16fca1b6e470053cbe07.jpeg','size':15085,'width':251,'height':201,'filename':'baba.jpeg','metadata':{'width':251,'height':201,'blurHash':'eFKTMS}@$^%f$w^*N{EMyD?FTytl#lVErp?GENR4v~xtNfE29}EPNG','blurHashWidth':32}}",Cafes & Restaurants,Cafes & Restaurants,,https://babasweets.com.au/,"Cafes & Restaurants, All",,2024-10-28T09:46:32.033Z,2024-10-28T09:46:32.033Z
596,Falafel Omisi,"359 Hawthorn Rd, Caulfield VIC 3162, Australia","A kosher, vegetarian restaurant serving flavours from the middle east such as falafel, sabich and malawach.","{'url':'0f249d6f6ad65e091d64e8220214a42e651fce7e9819bf06784fda33653740f1.jpeg','size':15699,'width':225,'height':225,'filename':'falafel.jpeg','metadata':{'width':225,'height':225,'blurHash':'eMLN3#H?Ni~T.7_2$_xtIUs+%}Xl.9-.=|^#M|tRs8NdMe?GxVr?Rk','blurHashWidth':32}}",Cafes & Restaurants,Cafes & Restaurants,,https://www.falafelomisi.com.au/,"Cafes & Restaurants, All",,2024-10-28T09:46:32.028Z,2024-10-28T09:46:32.028Z
595,Vegi and Coffee Lover Pty Ltd,"326 Hawthorn Rd, Caulfield VIC 3162, Australia",Kosher and Vegetarian restaurant with great coffee and tea. Vegan and Gluten-Free options available. Kitchen closes at 8pm.,"{'url':'18f00333f746affd8f9ef94229b4fda1c6d1de209124b855203b014d9be389f9.jpeg','size':13779,'width':275,'height':183,'filename':'vegiCoffee.jpeg','metadata':{'width':275,'height':183,'blurHash':'eUOWQi-=x^%M?w_3xtxvNGRjtSIntmogo#.8V@WTWFbbVrxbtRogs+','blurHashWidth':32}}",Cafes & Restaurants,Cafes & Restaurants,,https://www.facebook.com/vegiandcoffeelover,"Cafes & Restaurants, All",,2024-10-28T09:46:32.024Z,2024-10-28T09:46:32.024Z
594,Ren Dao Vegetarian,"275 Glen Huntly Rd, Elsternwick VIC 3185, Australia","A Chinese, Singaporean and Malaysian restaurant serving vegetarian and vegan cuisine.","{'url':'fa5f0841192001d5a0908e8e6c861d58a75beb1ccfe06b0649789271f09d3fc2.jpeg','size':11175,'width':275,'height':183,'filename':'renDao.jpeg','metadata':{'width':275,'height':183,'blurHash':'eJDItNjY4.?bR*$zt7S4M_of0LWBxaIUs:bcniM{o#s:-oxuWXNGoM','blurHashWidth':32}}",Cafes & Restaurants,Cafes & Restaurants,,https://rendaovegetarian.com.au/,"Cafes & Restaurants, All",,2024-10-28T09:46:32.019Z,2024-10-28T09:46:32.019Z
593,Hail Lilith,"40A Leeds St, Footscray VIC 3011, Australia",A small and intimate bar offering cocktails and a fully plant based menu.,"{'url':'fea1f3242b6dc951e73d216094893f287324037431085bff8a1336bb6b78f4b5.jpeg','size':17563,'width':275,'height':183,'filename':'hail.jpeg','metadata':{'width':275,'height':183,'blurHash':'eGE9rm]-2VxG]U,HRjACR+,sNaSgOWsTwyR*X8kBayNvRjS4Nan%w{','blurHashWidth':32}}",Cafes & Restaurants,Cafes & Restaurants,,https://www.haillilith.com.au/,"Cafes & Restaurants, All",,2024-10-28T09:46:32.015Z,2024-10-28T09:46:32.015Z
592,Huong Viet Vegan,"36A Leeds St, Footscray VIC 3011, Australia",A locally-owned and family-run vegan restaurant located in the heart of Footscray. We are proud to offer the best of authentic vegan cuisine.,"{'url':'78121924a4ba310306f5cf31ad3e9bbfa7d347c1237a2303169cdd74d0d8fa4e.jpeg','size':11799,'width':306,'height':165,'filename':'huong.jpeg','metadata':{'width':306,'height':165,'blurHash':'eWF=z8vyNLxuxZ~U$yWXjYxuwZt7NFocxu%LafWBogaeogkDWWWBbH','blurHashWidth':32}}",Cafes & Restaurants,Cafes & Restaurants,,https://huongvietveganmenu.com.au/,"Cafes & Restaurants, All",,2024-10-28T09:46:32.010Z,2024-10-28T09:46:32.010Z
591,Gujju's Cafe & Chat House,"141 Waverley Rd, Malvern East VIC 3145, Australia","Laid-back, glass-walled restaurant offering vegetarian Indian cuisine, plus Indochinese dishes.","{'url':'b169fd190832503fff681d99bf9f14d8b24deeec87dec115acd54a3033ffadb2.jpeg','size':4848,'width':311,'height':162,'filename':'guiju.jpeg','metadata':{'width':311,'height':162,'blurHash':'e38:6sxH0dnj-piwayxvofNF%Mj[IUWB%2-Cj[Naazxaayayj[j[oL','blurHashWidth':32}}",Cafes & Restaurants,Cafes & Restaurants,,https://www.facebook.com/gujjuschathouse/,"Cafes & Restaurants, All",,2024-10-28T09:46:32.005Z,2024-10-28T09:46:32.005Z
590,Gobind Sweets,"Unit 6/350 Settlement Rd, Thomastown VIC 3074, Australia",Gobind Sweets in Melbourne is an Indian restaurant known for its variety of traditional dishes and sweets.,"{'url':'492fcf8b187056c50f5a25d00ee7ce97a2b360e5eb106c9a84b582673d900b60.jpeg','size':14978,'width':275,'height':183,'filename':'gobind.jpeg','metadata':{'width':275,'height':183,'blurHash':'eEJHEZ4Ta%r:?E%0nhROSiIV%%4nW=NgE4_1r=wcxDNb^*-5xU%0RP','blurHashWidth':32}}",Cafes & Restaurants,Cafes & Restaurants,,https://www.facebook.com/gobindsweet/,"Cafes & Restaurants, All",,2024-10-28T09:46:32.001Z,2024-10-28T09:46:32.001Z
589,VegieHut,"984 Whitehorse Rd, Box Hill VIC 3128, Australia","Rice, noodles and mock meat dishes doled out in an informal Chinese haunt with Asian art and BYO.","{'url':'95d058eaf9b24bfae3813c9b46d2f7bd4927e301cb415d1caf25185147b30f5c.jpeg','size':12568,'width':251,'height':201,'filename':'vegieHut.jpeg','metadata':{'width':251,'height':201,'blurHash':'eGMj5L_L?bo#kr9E%zM_S#Vr%$xuRPadj]wIx]w|V_o|o~tTtnt-wb','blurHashWidth':32}}",Cafes & Restaurants,Cafes & Restaurants,,https://vegiehut.com.au/vegie-hut-menu/,"Cafes & Restaurants, All",,2024-10-28T09:46:31.996Z,2024-10-28T09:46:31.996Z
588,The Pita Man,"97 Hawthorn Rd, Caulfield North VIC 3161, Australia","The sight, sound and scent of The Pita Man location in Caulfield, transports you directly to the Shuk HaCarmel in Tel Aviv.","{'url':'329e468dfcb34ac87efb9e8e7fedee4bb940860eb59990d149ebc38af2f39ced.jpeg','size':9966,'width':268,'height':188,'filename':'pitaMan.jpeg','metadata':{'width':268,'height':188,'blurHash':'eRG95CMc?bD%S60KRPRPnh%L9bWrS$tQR%%0xZW=RkM|DioJxuayoz','blurHashWidth':32}}",Cafes & Restaurants,Cafes & Restaurants,,https://thepitaman.com.au/,"Cafes & Restaurants, All",,2024-10-28T09:46:31.992Z,2024-10-28T09:46:31.992Z
587,Sister of Soul,"73 Acland St, St Kilda VIC 3182, Australia","Vegetarian / Vegan Restaurant in the heart of St Kilda at 73 Acland Street. Menu includes gluten free, raw food & ""no garlic/onion"" options. Open 7 days.","{'url':'764fdce79467d4627ec4011f370d6489a90db5e90de7802489bf04b8ac058b65.jpeg','size':9028,'width':269,'height':187,'filename':'sisterOfSoul.jpeg','metadata':{'width':269,'height':187,'blurHash':'eIFrV5Y8IuiuM{?IA1I[xZoyJD?GxWE1NGJD-oxDNFWAI=oLkDIUxC','blurHashWidth':32}}",Cafes & Restaurants,Cafes & Restaurants,,https://www.sisterofsoul.com.au/,"Cafes & Restaurants, All",,2024-10-28T09:46:31.987Z,2024-10-28T09:46:31.987Z
586,Nostralis Wholemeal Vegetarian & Vegan Pızza,"55 Hawthorn Rd, Caulfield North VIC 3161, Australia",We're Nostralis and we've been serving delicious wholemeal vegetarian pizza since 1981. Our bases are made with 100% organic wholemeal flour.,"{'url':'334f3ec94677d989d259fbb9623c920f900dc5fb5ab291e6e0d4562537138b87.jpeg','size':11892,'width':275,'height':183,'filename':'nostralis.jpeg','metadata':{'width':275,'height':183,'blurHash':'eLJQ7jD$9vbFIp~9WXM{o#NG0zRlt7ayofwct7WBofbbNGogt6W:js','blurHashWidth':32}}",Cafes & Restaurants,Cafes & Restaurants,,http://www.nostralis.com/,"Cafes & Restaurants, All",,2024-10-28T09:46:31.982Z,2024-10-28T09:46:31.982Z
585,Blissful Station 同福蔬食,"Box Hill Central, 1 Main St, Box Hill VIC 3128, Australia","这里是同福素食，我们是一家中式纯素食小吃店。 Hi there, Here is Blissful Station. We're a Chinese vegan snack bar.",,Cafes & Restaurants,Cafes & Restaurants,,https://www.facebook.com/blissfulstationaus/,"Cafes & Restaurants, All",,2024-10-28T09:46:31.978Z,2024-10-28T09:46:31.978Z
584,Gopi Ka Chatka,"279 Carlisle St, Balaclava VIC 3183, Australia",,,Cafes & Restaurants,Cafes & Restaurants,,https://gopikachatka.com.au/,"Cafes & Restaurants, All",,2024-10-28T09:46:31.973Z,2024-10-28T09:46:31.973Z
583,Monk Bodhi Dharma,"202 Carlisle St, Balaclava VIC 3183, Australia","Hidden cafe gem that offer vegan dishes in a hip, Disciple Roasters bustling micro-roastery supplying our coffee beans from many origins with a comfortable feel of distressed-brick walls, timber tables and wholesome vibes. Find us by entering in laneway next to Woolworths loading dock. Operating hours: - Weekdays -7am-3:30pm - Weekends 8am - 3:30pm - Public Holidays - 8am - 3pm Kitchen closes 3pm daily. Walk ins only, unfortunately no bookings available. For all other enquires please email: jake@monkbd.com.au","{'url':'875dd20bbb7b0edbc8a19afbe7dc72ebc9c61ba9ce230f16c808f3911a20c200.jpeg','size':11230,'width':269,'height':187,'filename':'monk.jpeg','metadata':{'width':269,'height':187,'blurHash':'eaGuOC^%xux]j=-n-o%2t7oz0KX9xte-t7R-aet6t7oe%LoLWCozj?','blurHashWidth':32}}",Cafes & Restaurants,Cafes & Restaurants,,https://www.instagram.com/monkbodhidharma/,"Cafes & Restaurants, All",,2024-10-28T09:46:31.968Z,2024-10-28T09:46:31.968Z
582,Mister Nice Guy's Bakeshop,"151 Union Rd, Ascot Vale VIC 3032, Australia",Melbourne's first 100% plant based bakeshop. Est 2010 with loads of gluten free + allergy friendly options. Specialising in birthday cakes and patisseries. Please check our social media for the most up to date information and opening hours.,"{'url':'f3ebce816be7611464202f2ce0650170d4e86a35d258593f2cd214819c67b7ba.jpeg','size':12715,'width':275,'height':183,'filename':'nice.jpeg','metadata':{'width':275,'height':183,'blurHash':'eSGIyCRjjFogM{~qflRiofRj^+%MRPWBkBo#kDtQkCj]IAt7s:a{R*','blurHashWidth':32}}",Cafes & Restaurants,Cafes & Restaurants,,https://www.misterniceguy.com.au/,"Cafes & Restaurants, All",,2024-10-28T09:46:31.963Z,2024-10-28T09:46:31.963Z
581,For Change Cafe,"Middle Park railway station, Victoria 3206, Australia","All our cafes, operated under For Change Co., serve as training hubs for Pathways For Change, a paid employment and workplace training initiative designed to empower participants to break free from the cycle of youth homelessness.

Focused on individual development, participants of our program (referred to as trainees) undertake training and employment at our For Change Cafes, earning award wages while acquiring skills and experience applicable to any workplace. These are crucial for trainees as they look to transition to further employment and education, breaking the cycle of homelessness","{'url':'29ac96354b72848e072028e2243faca511283666638805679ba1689678ec534f.jpg','size':212159,'width':1200,'height':700,'filename':'Copy-of-2T8A0068-1200x700.jpg','metadata':{'width':1200,'height':700,'blurHash':'eYJa$R-pbvx]t6_NkWM{oft7xtRjMxRjWV~CniWVR*Rjx]bajubGWB','blurHashWidth':32}}",Cafes & Restaurants,Cafes & Restaurants,,https://forchangeco.com.au/,"Cafes & Restaurants, All",,2024-10-28T09:46:31.958Z,2024-10-28T09:46:31.958Z
580,Olivia Spring Cafe,"637 Mt Alexander Rd, Moonee Ponds VIC 3039, Australia","Located in the Moonee Ponds neighbourhood of Melbourne, Olivia Spring Cafe is a vegan restaurant that offers a diverse menu inspired by Vietnamese cuisine.","{'url':'1a280525eaa9a0886f53d659addb136a8475e18c2c8808391e85049d820f503f.jpeg','size':14186,'width':275,'height':183,'filename':'olivia.jpeg','metadata':{'width':275,'height':183,'blurHash':'eOJ@UO5jo@S$I;$o#Yn5IVozOW%0i^#RRm}@WVsmofn#-oV@i_WBS4','blurHashWidth':32}}",Cafes & Restaurants,Cafes & Restaurants,,https://www.facebook.com/OliviaSpringCafe/,"Cafes & Restaurants, All",,2024-10-28T09:46:31.953Z,2024-10-28T09:46:31.953Z
579,Tyranny of Distance,"147 Union St, Windsor VIC 3181, Australia","Comfortable, respectful, fun environment to meet and engage with other humans.100% plant based Vegan menu and beverages.","{'url':'9bee9cea76ecb3fb258f6c737b3f39c528e0139b31cfad545122890ee134834d.jpeg','size':16770,'width':275,'height':183,'filename':'tyranny.jpeg','metadata':{'width':275,'height':183,'blurHash':'eTH.4r_N-q-pI:?uxujsn#M{MzS5tRxtafwfR%t6oeM|Swo#t7kCR*','blurHashWidth':32}}",Cafes & Restaurants,Cafes & Restaurants,,https://tyrannyofdistance.com.au/,"Cafes & Restaurants, All",,2024-10-28T09:46:31.949Z,2024-10-28T09:46:31.949Z
578,ARGI,"512 Macaulay Rd, Kensington VIC 3031, Australia",A plant-based / vegan cafe in Kensington VIC. We provide wholesome food so you can nourish your soul!,"{'url':'d542ea8190eb9c12f925e62826bf21eadc69c765d665373c724108aaebcf3951.jpeg','size':16116,'width':251,'height':201,'filename':'argi.jpeg','metadata':{'width':251,'height':201,'blurHash':'eEGkXb~AtS-oxa-TIVxHxHR--OIqnQwIIpb_adjca$I:ovRjSgM|M{','blurHashWidth':32}}",Cafes & Restaurants,Cafes & Restaurants,,https://argicafe.square.site/,"Cafes & Restaurants, All",,2024-10-28T09:46:31.944Z,2024-10-28T09:46:31.944Z
577,Acai Brothers,"136 Greville St, Prahran VIC 3181, Australia",Save time. Skip the line. Order online now. Say hello to Bronola and Brotein.,"{'url':'2cd38dc0771d5ca2391024daf40ae1f24b2e8d7f7cb890d032e5f13d15b7fc88.jpeg','size':16098,'width':251,'height':201,'filename':'acaiBros.jpeg','metadata':{'width':251,'height':201,'blurHash':'eKJa1C~VJC?a0LVYSxjcr@tlxvS#-Ts,ELv}k9t6o|o}9HkDoeRPt7','blurHashWidth':32}}",Cafes & Restaurants,Cafes & Restaurants,,https://acaibrothers.com/,"Cafes & Restaurants, All",,2024-10-28T09:46:31.939Z,2024-10-28T09:46:31.939Z
576,Veg Out Time,"366 Chapel St, South Yarra VIC 3141, Australia",Get $10 as a Joining Bonus On your Orders with Veg Out Time through OzFoodHunter App. Download our OzFoodHunter App Now. T & C Applied. Earn $5 for each App referral.,"{'url':'4762cb7c35d2e8435464f9f3759027a58e314418eba39d79845a299a69461c46.jpeg','size':12739,'width':251,'height':201,'filename':'vegOutTime.jpeg','metadata':{'width':251,'height':201,'blurHash':'eKL:_p?uRkib%2~qxwRor=wII;xYt1ROtT-naexBV?kXMwR.RQozaJ','blurHashWidth':32}}",Cafes & Restaurants,Cafes & Restaurants,,,"Cafes & Restaurants, All",,2024-10-28T09:46:31.934Z,2024-10-28T09:46:31.934Z
575,Moroccan Soup Bar,"47-51 Boundary Rd, North Melbourne VIC 3051, Australia","A Melbourne institution in the heart of North Melbourne. The Moroccan Soup Bar brings together a unique approach to the taste sensations of Morocco with a diversity of cultural experiences, in an environment of generosity and abundance. We offer delivery takeaway pick up and pre order weekly meals. We also offer private functions for small groups. Our menu offers a range of vegetarian dishes including our famous Chick Pea Bake. Pick up or choose one of our sumptuous delivery options. EAT - ENGAGE - EXPERIENCE - ENJOY","{'url':'90755ae15d23acbbbd0ef94c136f25b835904d8980264a6e56b56441ac85eb1a.jpeg','size':14312,'width':269,'height':187,'filename':'moroccan.jpeg','metadata':{'width':269,'height':187,'blurHash':'efJjPS_2pI-oM{}?%KX9sUofv}V@RkxGkCivVsRPs9t7Rjo0sSV@ay','blurHashWidth':32}}",Cafes & Restaurants,Cafes & Restaurants,,https://www.moroccansoupbar.com.au/,"Cafes & Restaurants, All",,2024-10-28T09:46:31.929Z,2024-10-28T09:46:31.929Z
574,Saravanaa Bhavan,"131 King St, Melbourne VIC 3000, Australia","Indian Vegetarian Restaurant. Head here for Dosas, Curries, Thalis & Combos","{'url':'7cf80300a07d4c18047e36eb31c9862b3c84820e750b88221a44f285d4b50fe0.jpeg','size':12787,'width':259,'height':194,'filename':'saravanaa.jpeg','metadata':{'width':259,'height':194,'blurHash':'eNL:Z7_L5SH@-oIAVrW=xb-o9GD+%OjwjD.7R:w1NbR*tKjDnioztQ','blurHashWidth':32}}",Cafes & Restaurants,Cafes & Restaurants,,https://www.saravanaabhavan.com.au/,"Cafes & Restaurants, All",,2024-10-28T09:46:31.925Z,2024-10-28T09:46:31.925Z
573,Chai 'N' Chilli,"181/183 King St, Melbourne VIC 3000, Australia","Chai n chilli, a completely vegeterian restaurant and the first Maharashtrian Restaurant in Melbourne serving authentic Mumbai Vada paav, Misal Paav,Bombay Grilled Sandwich etc... We also specialise in Maharashtrian desserts like Shrikhand, Amrakhand, Puran Poli and many more like Khoya Gulabjamun, Rabri, Chirote etc...Catering orders are also taken.","{'url':'acb9a5cd2e08e05b5a62d4961739afc663a897c88b49ac3fa8e6ec5f9793fd5e.jpeg','size':10952,'width':306,'height':165,'filename':'chai.jpeg','metadata':{'width':306,'height':165,'blurHash':'eMBf-Y9:R$tRS^XBfzjFWBt8-XM_afo4RjRiWExuR%s=WUbFoeohR%','blurHashWidth':32}}",Cafes & Restaurants,Cafes & Restaurants,,https://chai-n-chilli.com/,"Cafes & Restaurants, All",,2024-10-28T09:46:31.920Z,2024-10-28T09:46:31.920Z
572,Green Cup,"593 Chapel St, South Yarra VIC 3141, Australia","Green Cup offers the best Green Smoothies, Super Smoothies, Acai Bowls, Smashed Avo and Raw Snacks in six locations across Melbourne.","{'url':'0105a631bca7e2bfff7569de0f18a97bbdc328a7ace8b195b55d18a51353f60f.jpeg','size':11971,'width':251,'height':201,'filename':'greenCup.jpeg','metadata':{'width':251,'height':201,'blurHash':'eHLDY|t-f9sktQ0J%2bd?Ft7bvxbEgS#E#={xvofeTXmx]v#I[nOic','blurHashWidth':32}}",Cafes & Restaurants,Cafes & Restaurants,,https://greencup.com.au/,"Cafes & Restaurants, All",,2024-10-28T09:46:31.915Z,2024-10-28T09:46:31.915Z
571,Lona Misa,"234 Toorak Rd, South Yarra VIC 3141, Australia","A collaboration with renowned Melbourne chefs Shannon Martinez (Smith & Daughters, Smith & Daughters Deli) and Ian Curley (French Saloon, Kirk’s Wine Bar), Lona Misa is a rebellious renaissance from root to stem, sustainably crafted to be shareable, seasonal and flavourful, Latin fare and bistro dining collide against the norms of the classical medley you know of vegan and vegetarian dining.","{'url':'7f836fb5e91b39df03f9fb6e7b7c45da4ba993e08fb440dcc63d122ef5952974.jpeg','size':12293,'width':300,'height':168,'filename':'lonaMisa.jpeg','metadata':{'width':300,'height':168,'blurHash':'eEC=Vbt7S~oyEMIpR*E2WCkV0}ofxaoL$*xtW;xasoRQ4;RknOWBxt','blurHashWidth':32}}",Cafes & Restaurants,Cafes & Restaurants,,https://ovolohotels.com/ovolo/south-yarra/lona-misa/,"Cafes & Restaurants, All",,2024-10-28T09:46:31.911Z,2024-10-28T09:46:31.911Z
570,Midori by Tao's,"268 Doncaster Rd, Balwyn North VIC 3104, Australia","GROUND FLOOR SUSHI TRAIN EXPERIENCE Midori by Tao’s, the first 100% vegetarian based sushi train concept in Melbourne. Vegetarians or vegans can also get a toast of traditional Japanese style sushi with our plant based meat options. It’s something you can’t be missed while you are in Melbourne. THE FINE DINING EXPERIENCE Chefs of Midori have been developing this concept for the past years. In line with famous set menu concept, its unique presentation and creativity, diners can choose from an elaborate four-course lunch or five-course dinner consisting of contemporary dishes with Japanese-European sensibilities and flavours.","{'url':'aa55790454f93ab1ae4ab6b89e0910e69e009eff825d274ad33e6a35f231217b.jpeg','size':8459,'width':300,'height':168,'filename':'midori.jpeg','metadata':{'width':300,'height':168,'blurHash':'e98q1-oX0MIJkjIIEK%J?IE0N3NFt5sqR%%Lj=M}s,xtNFnlxbSvRk','blurHashWidth':32}}",Cafes & Restaurants,Cafes & Restaurants,,https://www.midoribytaos.com.au/,"Cafes & Restaurants, All",,2024-10-28T09:46:31.906Z,2024-10-28T09:46:31.906Z
569,Patsy's,"213 Franklin St, Melbourne VIC 3004, Australia",Patsy's Melbourne is an ode to great wine and vegetarian dining using produce that is grown on our farm & winemakers using regenerative techniques.,"{'url':'5efb60227c29f8a7560f7c2dfce515e5176d170fca2e91976f3801804f985448.jpeg','size':9947,'width':275,'height':183,'filename':'patsys.jpeg','metadata':{'width':275,'height':183,'blurHash':'eDB..U~9xG9aIo?F={IpM|WCemt6IqI;NH^jNGbcNGM|NGj[Rj$%t6','blurHashWidth':32}}",Cafes & Restaurants,Cafes & Restaurants,,https://www.patsys.com.au/,"Cafes & Restaurants, All",,2024-10-28T09:46:31.901Z,2024-10-28T09:46:31.901Z
568,Funghi e tartufo,"60 Hardware Ln, Melbourne VIC 3000, Australia","Sicilian pizza, pasta and mains in a cosy, converted warehouse restaurant with exposed stone walls.","{'url':'c38cd0efcf2a2d49e9ae9bfedfe520564680949f2ba97c5f7bba8c292097a4b7.jpeg','size':9601,'width':269,'height':187,'filename':'funghi.jpeg','metadata':{'width':269,'height':187,'blurHash':'e68p}t%20LNH9Z~VxaM{M{M{0KR*xuRP%2D%RjWXRj%2t7R*aeayoK','blurHashWidth':32}}",Cafes & Restaurants,Cafes & Restaurants,,https://www.funghietartufo.com.au/,"Cafes & Restaurants, All",,2024-10-28T09:46:31.896Z,2024-10-28T09:46:31.896Z
567,UNION KIOSK,"10 Howey Pl, Melbourne VIC 3000, Australia","Hole in the wall coffee shop serving vegan jaffles, coffee pastries and sweets in new location 10 Howey Place Melbourne.","{'url':'24f9da92dd15bef77638de747c0f90cb5c0d83997875d139b3e98b0a884e6870.jpeg','size':15469,'width':269,'height':187,'filename':'union.jpeg','metadata':{'width':269,'height':187,'blurHash':'eNHBh~xVjBD$%g~p-or;obo}-p-;M{oye-.8xbIUM{R+%3xvD*NHRj','blurHashWidth':32}}",Cafes & Restaurants,Cafes & Restaurants,,https://unionkiosk.com.au/,"Cafes & Restaurants, All",,2024-10-28T09:46:31.891Z,2024-10-28T09:46:31.891Z
566,Om Vegetarian,"Shop 4-5/227 Collins St, Melbourne VIC 3000, Australia","Best Vegan and Vegetarian restaurant in Melbourne. $7.50 all you can eat Indian Thaali Meal with unlimited naan, curry and rice. A range of ala carte Indian Vegan dining meals and Vegetarian dining meals also available. Famous naan bread is now served with Vegan butter making our Thali meal entirely Vegan.","{'url':'a5735e81134202e833adefd92c0ab324d0b6c887e66566c365a0275354535842.jpeg','size':12394,'width':225,'height':225,'filename':'omveg.jpeg','metadata':{'width':225,'height':225,'blurHash':'eAGa%Y-g#ktRv}IYXB-VJAI=E8E9spt6WT~3xt9|$%xZE1tRr;ogo#','blurHashWidth':32}}",Cafes & Restaurants,Cafes & Restaurants,,https://www.omvegetarian.com/,"Cafes & Restaurants, All",,2024-10-28T09:46:31.887Z,2024-10-28T09:46:31.887Z
565,Zen Arcade,"666 Plenty Rd, Preston VIC 3073, Australia",Spousal cafe to @newdayrisingcafe cafe.,"{'url':'ac60482ebdd320f57686560a7bc00e80c6d1b2371f6adc06fcf3d6713aa3d19e.jpeg','size':14313,'width':225,'height':225,'filename':'zenArcade.jpeg','metadata':{'width':225,'height':225,'blurHash':'eLKKTVxARp-p%1~pQ+xCWCf+t,xbIoWZoz=@RkD*t7jExaNGRit6kC','blurHashWidth':32}}",Cafes & Restaurants,Cafes & Restaurants,,https://www.instagram.com/zen.arcade.cafe/,"Cafes & Restaurants, All",,2024-10-28T09:46:31.882Z,2024-10-28T09:46:31.882Z
564,Gopals,"139 Swanston St, Melbourne VIC 3000, Australia","Established, casual buffet restaurant serving European, Indian and Asian meat-free and vegan food.","{'url':'615794f215f79e4763530b2f53abffb75a1feb8b9d7c2ca4cb0c8645e538cb2b.jpeg','size':12290,'width':372,'height':135,'filename':'gopals.jpeg','metadata':{'width':372,'height':135,'blurHash':'efIp;ekW$%a0-6~TxuwcjEs8?Ft7s.xDxD%LX8WroJj?xsbbR+ofWU','blurHashWidth':32}}",Cafes & Restaurants,Cafes & Restaurants,,https://www.harekrishnamelbourne.com.au/,"Cafes & Restaurants, All",,2024-10-28T09:46:31.877Z,2024-10-28T09:46:31.877Z
563,Crossways Vegetarian and Vegan Restaurant,"147 Swanston St, Melbourne VIC 3000, Australia","40 Years plus and still going strong !! Situated in the heart of Melbourne in Swanston St Crossways provides wholesome, sanctified, vegan/vegetarian lunch & dinner cooked with love and devotion by the Hare Krishna devotees. Each day of the week there is a different menu to add variety to your meal. The daily menu consists of two courses along with a drink – and there is no extra charge for seconds! It’s an all-you-can-eat! Browse our collection of books focusing on spirituality at your leisure. Our staff are always happy to answer any queries on spiritual subjects – so don’t hesitate to ask.","{'url':'9354a18d5e03c292d30d65b7ffb54c083a5630b1931b685cfc721823de20ea56.jpeg','size':14895,'width':259,'height':194,'filename':'crossways.jpeg','metadata':{'width':259,'height':194,'blurHash':'eMEye;V=9GM{oI~oWTM|V?ogITaxozWAofo_jYs;k9oeNHbIbEs-t7','blurHashWidth':32}}",Cafes & Restaurants,Cafes & Restaurants,,https://www.harekrishnamelbourne.com.au/,"Cafes & Restaurants, All",,2024-10-28T09:46:31.872Z,2024-10-28T09:46:31.872Z
562,Soul Sisters Café,"891 Burke Rd, Camberwell VIC 3124, Australia","Camberwell's haven for plant-based indulgence! Our superfood café serving delicious and healthy Acai Bowls, Smoothies, Juices, Toasties, Salads, Raw Treats and Coffee all meticulously crafted to nourish your body and tantalize your taste buds. NEW salads, pies and sausage rolls to satisfy your lunchtime craving while staying healthy! Gluten-free options are also available. We are also able to cater for most dietary requirements! Find us on the FOODINI app for more info. Embrace a healthier lifestyle without compromising on flavour at Soul Sisters Café Camberwell. Order via Google, UBEREATS, Doordash, Menulog, via our app in the Appstore, or simply come into store! All our menu can be done takeaway and dine in! We welcome all x","{'url':'b816054e0ae27d8e3c7a39ad7b5cb8800af5798fa34607ada249a749387c1189.jpeg','size':8612,'width':224,'height':224,'filename':'soulSisters.jpeg','metadata':{'width':224,'height':224,'blurHash':'eAR.uq~V%2?a%L~WRjM|%2of^*NGoLxtR*^+t7xtM{t7%LWCRkxaRj','blurHashWidth':32}}",Cafes & Restaurants,Cafes & Restaurants,,https://soulsisterscafe.yoom.com.au/,"Cafes & Restaurants, All",,2024-10-28T09:46:31.867Z,2024-10-28T09:46:31.867Z
561,Gong De Lin,"3/264 Swanston St, Melbourne VIC 3000, Australia",Chinese Vegetarian and Vegan Eats,"{'url':'332cd568862ea04a777c15d35e40db28a431304a31a5cd50a05ee47e39eb1e44.jpeg','size':13329,'width':251,'height':201,'filename':'gongDeLin.jpeg','metadata':{'width':251,'height':201,'blurHash':'eHLqOk-o-q~VtR?cr;-UNFaKM^rqxaDhDi-;M{xvt6ROEMWA%2Sit8','blurHashWidth':32}}",Cafes & Restaurants,Cafes & Restaurants,,https://www.facebook.com/gongdelin/,"Cafes & Restaurants, All",,2024-10-28T09:46:31.863Z,2024-10-28T09:46:31.863Z
560,Realfoods,"360/418 Swanston St, Melbourne VIC 3000, Australia","Realfoods is a social enterprise cafe run by RUSU staff and student volunteers (RUSU is the RMIT University Student Union). We focus on sustainability and providing ethical, plant-based & healthy food options and fair trade, specialty coffee. We specialise in catering to diverse dietary requirements including: gluten free, vegan, dairy free and halal friendly. Realfoods is located on RMIT City Campus (Building 8, Level 3). Pop by for a coffee sometime!","{'url':'a88256447656896566a5818cc68c07eb2028cff99fa7e2fcb961c1878dce6b00.jpeg','size':10584,'width':294,'height':171,'filename':'realfoods.jpeg','metadata':{'width':294,'height':171,'blurHash':'ecMG2o~9Emxan*oxWBoenPs.E4$%njNdt5f~xWW.WV-9oLnjoLnixD','blurHashWidth':32}}",Cafes & Restaurants,Cafes & Restaurants,,https://rusu.rmit.edu.au/realfoods,"Cafes & Restaurants, All",,2024-10-28T09:46:31.858Z,2024-10-28T09:46:31.858Z
559,Gloria,"391 Sydney Rd, Brunswick VIC 3056, Australia",Plant based eatery in the heart of Brunswick – Melbourne. Feed your body with kindness. Vegan Eatery our menu offers a diverse array of plant-based creations.,"{'url':'a0435a26d9184df727bb9a4a470c83896ac6f01f7b6b0761edaef34861a16e03.jpeg','size':11661,'width':249,'height':202,'filename':'gloria.jpeg','metadata':{'width':249,'height':202,'blurHash':'eJINwG-?~B-rTH?GxuSvt7xH4poaE4xtoMD%WBM|kCxv+]Rn%MRkoe','blurHashWidth':32}}",Cafes & Restaurants,Cafes & Restaurants,,https://gloriaplantbased.com.au/,"Cafes & Restaurants, All",,2024-10-28T09:46:31.854Z,2024-10-28T09:46:31.854Z
558,Kevabs,"89 Sydney Rd, Brunswick VIC 3056, Australia",Australias first all vegan kebab shop.,"{'url':'c1799528f203a658d52ae593db385b430100a063f50ef32ef0f77df69d5d78a7.jpeg','size':14593,'width':251,'height':201,'filename':'kevabs.jpeg','metadata':{'width':251,'height':201,'blurHash':'e9L:Mx]%^,s.Vx-o~pS1-,sCPWniAKaKnU~Vx[9^=tx]nS%f%f-TIV','blurHashWidth':32}}",Cafes & Restaurants,Cafes & Restaurants,,https://www.facebook.com/kevabsbrunswick,"Cafes & Restaurants, All",,2024-10-28T09:46:31.849Z,2024-10-28T09:46:31.849Z
557,Paradisescape,"51 Sydney Rd, Brunswick VIC 3056, Australia","Paradisescape, opened in November 2021, the temple of vegan heaven located at the heart of Sydney Road, Brunswick. As pioneers of plant-based dining, we invite you to embark on a culinary journey unlike any other. At Paradisescape, we believe in the boundless potential of plant-based cuisine. Our extensive fusion menu celebrates the diverse flavours of the world, reimagined through a vegan lens. We are more than just a restaurant; we are advocates for the planet and all its inhabitants. By choosing plant-based options, we are advocates for the planet and all its inhabitants. Our mission is simple: to spread peace one plate at a time. ""If not me, who? If not now, when?"" Go Vegan, spread Peace! 🌱💚","{'url':'1dd53a8cb1edbe4b54cce168e5e62437353683e09978c8caa0a881a95c008b7f.jpeg','size':13233,'width':224,'height':225,'filename':'para.jpeg','metadata':{'width':224,'height':225,'blurHash':'eCE.qS=_H;TCN0MMM{$,RqD*1}57k;l9r=%gRP-A?Fsl?bM|M|n+Io','blurHashWidth':32}}",Cafes & Restaurants,Cafes & Restaurants,,https://www.paradisescape.com.au/,"Cafes & Restaurants, All",,2024-10-28T09:46:31.845Z,2024-10-28T09:46:31.845Z
556,I Should Be Souvlaki,"68 Sydney Rd, Brunswick VIC 3056, Australia","100% vegan canteen kitchen inside The Bergy Seltzer, serving up souvlaki, southern fried tenders, salt & pepper calamari and more.","{'url':'1f2fa4d05a42f21465ae44e4b369a3079019f97c1785f2d4f5e718034ff5b152.jpeg','size':9021,'width':275,'height':183,'filename':'souvlaki.jpeg','metadata':{'width':275,'height':183,'blurHash':'eBBn]Mc4=e$k$%nXkQ-ARnEM0_rf0|nnW;I,ryt2oOj[^7S]$~xbxG','blurHashWidth':32}}",Cafes & Restaurants,Cafes & Restaurants,,https://www.ishouldbe-souvlaki.com/,"Cafes & Restaurants, All",,2024-10-28T09:46:31.840Z,2024-10-28T09:46:31.840Z
555,La Panella Bakery,"465 High St, Preston VIC 3072, Australia",,"{'url':'c25aa7d33a5e5a79107a55e76fc41157225304ca0c65d9b4c3a717bb6073654a.jpeg','size':10550,'width':275,'height':183,'filename':'panella.jpeg','metadata':{'width':275,'height':183,'blurHash':'eBB3sWIq$eS6xZ0Lt6Iqslt7?GM|xZW?RP8_t7xvfha$t7IUWUt8V@','blurHashWidth':32}}",Cafes & Restaurants,Cafes & Restaurants,,https://www.facebook.com/lapanellabakery,"Cafes & Restaurants, All",,2024-10-28T09:46:31.836Z,2024-10-28T09:46:31.836Z
554,Tammy’s Borek,"29 Mary St, Preston VIC 3072, Australia","Turkish bakery serving borek, gözleme and pide. Both traditional and vegan options available.","{'url':'b0886bb7aa8dbd2745987c07137a4b0c7bcb6f7ba19a1e2a8db450e432876c59.jpeg','size':11692,'width':253,'height':199,'filename':'tammy.jpeg','metadata':{'width':253,'height':199,'blurHash':'eTKT#r^+IVozt7_NozIUt7xaNGSNM{t6t7s8oMRjWXozxZxat7oeRj','blurHashWidth':32}}",Cafes & Restaurants,Cafes & Restaurants,,https://www.facebook.com/tammysborek,"Cafes & Restaurants, All",,2024-10-28T09:46:31.831Z,2024-10-28T09:46:31.831Z
553,Serotonin Eatery,"52 Madden Grove, Burnley VIC 3121, Australia","At Serotonin Eatery, we provide a sanctuary for you to escape from your fast-paced life. We're here so you can forget all your troubles.","{'url':'f7a5951342780d89d4bd6cd876de0cd07c67d3094a30e9e95f741bd3552dbd86.jpeg','size':9404,'width':262,'height':192,'filename':'serotonin.jpeg','metadata':{'width':262,'height':192,'blurHash':'ebLD_m8wwJrsni-paKaes;t7NKbbNaR*R*xat7V@adWBxbRQxan+xu','blurHashWidth':32}}",Cafes & Restaurants,Cafes & Restaurants,,https://www.serotonindealer.com/,"Cafes & Restaurants, All",,2024-10-28T09:46:31.827Z,2024-10-28T09:46:31.827Z
552,Shakahari,"201-203 Faraday St, Carlton VIC 3053, Australia",Exceptionally crafted vegetarian food since 1972. Dine in at our Carlton or South Melbourne location.,"{'url':'13b621205ae531129baaeefcbec389364a63f69cba34119febff067816af2371.jpeg','size':12251,'width':273,'height':185,'filename':'shakahari.jpeg','metadata':{'width':273,'height':185,'blurHash':'eaKANK0KMK.7wI.8ELELWYt7tSMxOYo3R*s=V?s:a|jFtRjEW=Rjj]','blurHashWidth':32}}",Cafes & Restaurants,Cafes & Restaurants,,https://www.shakaharivegetarian.com.au/,"Cafes & Restaurants, All",,2024-10-28T09:46:31.822Z,2024-10-28T09:46:31.822Z
551,Green Man's Arms,"418 Lygon St, Carlton VIC 3053, Australia","A cosy neighbourhood pub with local craft beers, cider, wine and best vegi dishes designed for those looking for something a little special. It has a great fining room with table service or grab a spot in front of the fire. Situated in an old Carlton pub with a colourful history.","{'url':'62dbe5ef7fa3b5da71c48f7a62ce06ef3bb6054eb3b808dbff3c4b1a7b8043e3.jpeg','size':6438,'width':275,'height':183,'filename':'greenMansArms.jpeg','metadata':{'width':275,'height':183,'blurHash':'eEA+y.oL58IpNF=|s:WBNGR*0#so-QoxWsR-R+NZ%1n+xBS3I@w|xF','blurHashWidth':32}}",Cafes & Restaurants,Cafes & Restaurants,,https://www.greenmansarms.com.au/,"Cafes & Restaurants, All",,2024-10-28T09:46:31.818Z,2024-10-28T09:46:31.818Z
550,Gopi Ka Chatka Hawthorn,"460 Burwood Rd, Hawthorn VIC 3122, Australia","At Gopi Ka Chatka in Melbourne, are serving authentic pure Vegetarian Indian Food in its finest Indian classic aura.","{'url':'10f194be935b4d62769960ce0ff1513f5b1a55bc63091cb7cc9a045082c59231.jpeg','size':15708,'width':251,'height':201,'filename':'gopi.jpeg','metadata':{'width':251,'height':201,'blurHash':'eBI#Y+l+%3yB=Y_3CRMotPX3-;KjSaNHw|?uv~NxnTo#OtRoKRV@GF','blurHashWidth':32}}",Cafes & Restaurants,Cafes & Restaurants,,https://gopikachatka.com.au/,"Cafes & Restaurants, All",,2024-10-28T09:46:31.813Z,2024-10-28T09:46:31.813Z
549,Raju Omlet Centre,"1924 Princes Hwy, Clayton VIC 3168, Australia",Introducing Baroda's famous Raju Omlet Centre in Melbourne . The best of Indian street-food based all around farm- fresh EGG dishes.,"{'url':'5bed12dc96a131a0551d1c79064b96c3bf5ce0328c95794b46941718a96b8ac9.jpeg','size':9648,'width':305,'height':165,'filename':'raju.jpeg','metadata':{'width':305,'height':165,'blurHash':'eNG8.fR+.TxWD*^%MyE3%KRj=^WY9bxun#?FayM~t6oI%1oIIpWXxZ','blurHashWidth':32}}",Cafes & Restaurants,Cafes & Restaurants,,https://www.facebook.com/Rajuomlethawthorn/,"Cafes & Restaurants, All",,2024-10-28T09:46:31.808Z,2024-10-28T09:46:31.808Z
548,Raju Omlet Centre,"424 Burwood Rd, Hawthorn VIC 3122, Australia",Introducing Baroda's famous Raju Omlet Centre in Melbourne . The best of Indian street-food based all around farm- fresh EGG dishes.,"{'url':'5bed12dc96a131a0551d1c79064b96c3bf5ce0328c95794b46941718a96b8ac9.jpeg','size':9648,'width':305,'height':165,'filename':'raju.jpeg','metadata':{'width':305,'height':165,'blurHash':'eNG8.fR+.TxWD*^%MyE3%KRj=^WY9bxun#?FayM~t6oI%1oIIpWXxZ','blurHashWidth':32}}",Cafes & Restaurants,Cafes & Restaurants,,https://www.facebook.com/Rajuomlethawthorn/,"Cafes & Restaurants, All",,2024-10-28T09:46:31.804Z,2024-10-28T09:46:31.804Z
547,Jaimal's,"396 Burwood Rd, Hawthorn VIC 3122, Australia",We are family owned restaurant with home-cooked healthy vegetarian and vegan friendly gourmet menu. We have a Cozy sitting area with function room upstairs. We also have a great selection of drinks & desserts including Indian Chai as well as Vegan Indian Chai.,"{'url':'8102ba72b550333cb3f6f104b3ddeba2219d67172b5f4f3ddf099ea54f30b6d1.jpeg','size':10426,'width':324,'height':156,'filename':'jaimals.jpeg','metadata':{'width':324,'height':156,'blurHash':'eUG@_O?GRkxZXR~C%Mxa%1SNJCtQxt%1of-pxZR+bbkVxat7xakCM|','blurHashWidth':32}}",Cafes & Restaurants,Cafes & Restaurants,,https://jaimals.com.au/,"Cafes & Restaurants, All",,2024-10-28T09:46:31.799Z,2024-10-28T09:46:31.799Z
546,Cookatoo Kitchen,"60 Bridge Rd, Richmond VIC 3121, Australia","Super simple, basic and casual Vegan Takeaway 🌱🌿 Home-cooking Thai-Asian Vegan food, nothing special, nothing fancy, just an ordinary and simple vegan food made with Love, Peace & Plant. Recommended for takeaway. Dining-in is available up to a group of 4 people maximum, there are a couple of tables inside the shop.","{'url':'d04d9112c049cb731d1f1586b395185f06a02948e22d684280e7b476b22b0e60.jpeg','size':12898,'width':259,'height':194,'filename':'cookatooKitchen.jpeg','metadata':{'width':259,'height':194,'blurHash':'eML3DApb+?$$S%}:V@W=xtt7#+ozaO-5xF?EtRI;S1jEwGslkqf+f4','blurHashWidth':32}}",Cafes & Restaurants,Cafes & Restaurants,,https://www.instagram.com/cookatoo_kitchen,"Cafes & Restaurants, All",,2024-10-28T09:46:31.795Z,2024-10-28T09:46:31.795Z
545,Tofulicious,"78 Bridge Rd, Richmond VIC 3121, Australia","Since 1982, Tofulicious has been one of Melbourne's oldest and most iconic vegan destinations. We have been serving a delightful array of vegan cuisine for more than 40 years, all with a unique twist. Every two weeks, we introduce a new menu, each menu explores a different world cuisine, from the rich flavours of Indian dishes to the classic tastes of Italian, the spicy essences of Thai, and the traditional favourites of Japanese cuisine, we have it all. Pair this with our famous soy chai and ice creams and you are bound to have a delicious time at Tofulicious!","{'url':'d7c53be1f0b67afa23210ac857b25587662e27d59d289575506bbf5ae265a2b1.png','size':2722,'width':225,'height':225,'filename':'tofulicious.png','metadata':{'width':225,'height':225,'blurHash':'e53]10f+4VaK?ao2bGWCn%of4Vae_Loz9GNan%xaX8RQ?aoe9GRk?a','blurHashWidth':32}}",Cafes & Restaurants,Cafes & Restaurants,,https://tofulicious.com.au/,"Cafes & Restaurants, All",,2024-10-28T09:46:31.790Z,2024-10-28T09:46:31.790Z
544,Pickles Milk Bar,"1008 Lygon St, Carlton North VIC 3054, Australia","Milk bar classics made with love, not animals.","{'url':'23bb9d82fbc70d5227ad3fa29f72e20fbcc29ff4a5369416a807be902ec63a97.jpeg','size':15570,'width':275,'height':183,'filename':'pickles.jpeg','metadata':{'width':275,'height':183,'blurHash':'e8KTVpEgOvX-Q,~qW,E4IoVr$l-pxV%g-3xIESR+WTD%xbESE1J5Mw','blurHashWidth':32}}",Cafes & Restaurants,Cafes & Restaurants,,https://picklesmilkbar.square.site/,"Cafes & Restaurants, All",,2024-10-28T09:46:31.786Z,2024-10-28T09:46:31.786Z
543,Trippy Taco,"234 Gertrude St, Fitzroy VIC 3065, Australia","Cheerful vegetarian taqueria offering many vegan and gluten-free options, plus jugs of sangria.","{'url':'bdaab795562fecdda268671f81543aa77d579b7135ea090050ed017069917651.jpeg','size':11537,'width':259,'height':194,'filename':'trippyTaco.jpeg','metadata':{'width':259,'height':194,'blurHash':'ejJj}6X9JVNHR-~pf+S5WBWX.9oJR-off6x]RjWCs.WBOaRknhe-ad','blurHashWidth':32}}",Cafes & Restaurants,Cafes & Restaurants,,https://www.trippytaco.com.au/,"Cafes & Restaurants, All",,2024-10-28T09:46:31.781Z,2024-10-28T09:46:31.781Z
542,Radhey Chai Bar,"336 Brunswick St, Fitzroy VIC 3065, Australia",Chai Bar Melbourne — Delicious Vegan & Vegetarian Food In The Heart Of Melbourne.,"{'url':'9d76d8500d261c8768f4cc2c8bc49608920a5c044f8748c57e39052cbe7a505b.jpeg','size':16360,'width':275,'height':183,'filename':'radhey.jpeg','metadata':{'width':275,'height':183,'blurHash':'eGID?WJ;%N-otK=}tn-mV[IV~AS7$*D%W=~AIpV@%KR$s=Ioaf=xMz','blurHashWidth':32}}",Cafes & Restaurants,Cafes & Restaurants,,https://www.harekrishnamelbourne.com.au/radhey-chai-bar/,"Cafes & Restaurants, All",,2024-10-28T09:46:31.776Z,2024-10-28T09:46:31.776Z
541,Lord of The Fries,"184 King St, Melbourne VIC 3000, Australia",Lord of the Fries is an ethical fast food restaurant serving up the best hot chips and award winning veggie burgers and hot dogs in Australia.,"{'url':'7b5989156fc40fd7f3a250e29b9c0655e114d7a3e5446358c4c3719144e92dda.jpeg','size':10249,'width':295,'height':171,'filename':'lordOfTheFries.jpeg','metadata':{'width':295,'height':171,'blurHash':'enP5_x-:w~xcn+.5aIo#NybGyskCt7b^kC%OjJV@xCWBtTbuR*aeS2','blurHashWidth':32}}",Cafes & Restaurants,Cafes & Restaurants,,https://www.lordofthefries.com.au/,"Cafes & Restaurants, All",,2024-10-28T09:46:31.772Z,2025-02-14T10:42:41.824Z
540,Lord of The Fries,"172 Swan St, Cremorne VIC 3121, Australia",Lord of the Fries is an ethical fast food restaurant serving up the best hot chips and award winning veggie burgers and hot dogs in Australia.,"{'url':'7b5989156fc40fd7f3a250e29b9c0655e114d7a3e5446358c4c3719144e92dda.jpeg','size':10249,'width':295,'height':171,'filename':'lordOfTheFries.jpeg','metadata':{'width':295,'height':171,'blurHash':'enP5_x-:w~xcn+.5aIo#NybGyskCt7b^kC%OjJV@xCWBtTbuR*aeS2','blurHashWidth':32}}",Cafes & Restaurants,Cafes & Restaurants,,https://www.lordofthefries.com.au/,"Cafes & Restaurants, All",,2024-10-28T09:46:31.767Z,2025-02-14T10:45:43.575Z
539,Lord of The Fries,"383 Brunswick St, Fitzroy VIC 3065, Australia",Lord of the Fries is an ethical fast food restaurant serving up the best hot chips and award winning veggie burgers and hot dogs in Australia.,"{'url':'7b5989156fc40fd7f3a250e29b9c0655e114d7a3e5446358c4c3719144e92dda.jpeg','size':10249,'width':295,'height':171,'filename':'lordOfTheFries.jpeg','metadata':{'width':295,'height':171,'blurHash':'enP5_x-:w~xcn+.5aIo#NybGyskCt7b^kC%OjJV@xCWBtTbuR*aeS2','blurHashWidth':32}}",Cafes & Restaurants,Cafes & Restaurants,,https://www.lordofthefries.com.au/,"Cafes & Restaurants, All",,2024-10-28T09:46:31.763Z,2025-02-14T10:45:57.056Z
538,Lord of The Fries,"5 Flinders St, Melbourne VIC 3000, Australia",Lord of the Fries is an ethical fast food restaurant serving up the best hot chips and award winning veggie burgers and hot dogs in Australia.,"{'url':'7b5989156fc40fd7f3a250e29b9c0655e114d7a3e5446358c4c3719144e92dda.jpeg','size':10249,'width':295,'height':171,'filename':'lordOfTheFries.jpeg','metadata':{'width':295,'height':171,'blurHash':'enP5_x-:w~xcn+.5aIo#NybGyskCt7b^kC%OjJV@xCWBtTbuR*aeS2','blurHashWidth':32}}",Cafes & Restaurants,Cafes & Restaurants,,https://www.lordofthefries.com.au/,"Cafes & Restaurants, All",,2024-10-28T09:46:31.758Z,2025-02-14T10:46:10.723Z
537,Lord of The Fries,"3a/352 Brunswick St, Fortitude Valley QLD 4006, Australia",Lord of the Fries is an ethical fast food restaurant serving up the best hot chips and award winning veggie burgers and hot dogs in Australia.,"{'url':'7b5989156fc40fd7f3a250e29b9c0655e114d7a3e5446358c4c3719144e92dda.jpeg','size':10249,'width':295,'height':171,'filename':'lordOfTheFries.jpeg','metadata':{'width':295,'height':171,'blurHash':'enP5_x-:w~xcn+.5aIo#NybGyskCt7b^kC%OjJV@xCWBtTbuR*aeS2','blurHashWidth':32}}",Cafes & Restaurants,Cafes & Restaurants,,https://www.lordofthefries.com.au/,"Cafes & Restaurants, All",,2024-10-28T09:46:31.754Z,2025-02-14T10:46:22.510Z
536,Lord of The Fries,"Shop 2/189 William St, Northbridge WA 6003, Australia",Lord of the Fries is an ethical fast food restaurant serving up the best hot chips and award winning veggie burgers and hot dogs in Australia.,"{'url':'7b5989156fc40fd7f3a250e29b9c0655e114d7a3e5446358c4c3719144e92dda.jpeg','size':10249,'width':295,'height':171,'filename':'lordOfTheFries.jpeg','metadata':{'width':295,'height':171,'blurHash':'enP5_x-:w~xcn+.5aIo#NybGyskCt7b^kC%OjJV@xCWBtTbuR*aeS2','blurHashWidth':32}}",Cafes & Restaurants,Cafes & Restaurants,,https://www.lordofthefries.com.au/,"Cafes & Restaurants, All",,2024-10-28T09:46:31.749Z,2025-02-14T10:46:33.649Z
535,Smith + Deli,"107 Cambridge St, Collingwood VIC 3066, Australia","Smith + Deli is a 100% plant based deli and eatery in Collingwood, Melbourne. Owner Shannon Martinez has a goal for creating a truly beautiful space to enjoy great food. Vegan offerings for breakfast, lunch, sandwiches, salads, pastries, made to order celebration cakes, great coffee, gifts and more!","{'url':'84d8d958564f2d617f47fd1fd11088707395d48b7705cd8df9428623a5027a45.jpg','size':391665,'width':1500,'height':1472,'filename':'smithDeli.jpg','metadata':{'width':1500,'height':1472,'blurHash':'eUG[Zt?b%Mf,tR?^K5NGRjR+KkbIV?xFWAozVrM{o2smozaJoff,oz','blurHashWidth':32}}",Cafes & Restaurants,Cafes & Restaurants,,https://www.smithanddeli.com/,"Cafes & Restaurants, All",,2024-10-28T09:46:31.744Z,2024-10-28T09:46:31.744Z
534,Falafel Place,"467 Sydney Rd, Coburg VIC 3058, Australia",Falafel Place is an all-vegetarian spot on Smith Street with a focus on falafel (of course).,"{'url':'1c576714c55b5cb3dfdafe654360e24bf717b7d2964c7bc42e66587375e215ed.jpg','size':323211,'width':860,'height':600,'filename':'falafel.jpg','metadata':{'width':860,'height':600,'blurHash':'eLJ*ef~q%fp0WAsh.7cG-;NG?uD$MxNFIU-iM{oLoft8-;%Mbxt7t7','blurHashWidth':32}}",Cafes & Restaurants,Cafes & Restaurants,,https://www.instagram.com/falafelplacecollingwood/?hl=en,"Cafes & Restaurants, All",,2024-10-28T09:46:31.740Z,2024-10-28T09:46:31.740Z
533,Falafel Place,"264 Smith St, Collingwood VIC 3066, Australia",Falafel Place is an all-vegetarian spot on Smith Street with a focus on falafel (of course).,"{'url':'1c576714c55b5cb3dfdafe654360e24bf717b7d2964c7bc42e66587375e215ed.jpg','size':323211,'width':860,'height':600,'filename':'falafel.jpg','metadata':{'width':860,'height':600,'blurHash':'eLJ*ef~q%fp0WAsh.7cG-;NG?uD$MxNFIU-iM{oLoft8-;%Mbxt7t7','blurHashWidth':32}}",Cafes & Restaurants,Cafes & Restaurants,,https://www.instagram.com/falafelplacecollingwood/?hl=en,"Cafes & Restaurants, All",,2024-10-28T09:46:31.735Z,2024-10-28T09:46:31.735Z
532,For Change Cafe,"13 Daphne Cres, Bellfield VIC 3081, Australia","All our cafes, operated under For Change Co., serve as training hubs for Pathways For Change, a paid employment and workplace training initiative designed to empower participants to break free from the cycle of youth homelessness.

Focused on individual development, participants of our program (referred to as trainees) undertake training and employment at our For Change Cafes, earning award wages while acquiring skills and experience applicable to any workplace. These are crucial for trainees as they look to transition to further employment and education, breaking the cycle of homelessness","{'url':'d96810da8696b994efbc908b47c785fdcd431b23e683b1528bdefa4bef2ef560.jpeg','size':9763,'width':225,'height':225,'filename':'forchange.jpeg','metadata':{'width':225,'height':225,'blurHash':'eIGHSR4:ENrrt7Iq57-ooeWB0L?GIVN_xZEL-:V@WVIpEPaw-oxFxa','blurHashWidth':32}}",Cafes & Restaurants,Cafes & Restaurants,,https://forchangeco.com.au/,"Cafes & Restaurants, All",,2024-10-28T09:46:31.730Z,2024-10-28T09:46:31.730Z
531,Terra Madre,"101/105 High St, Northcote VIC 3070, Australia","Health-conscious market selling organic produce, coffee & other foods, plus wellness items.","{'url':'bc3d3caa794ebdd0c7b131472d8fb5cc40d6b4327d7bab08971c0ef1cb442cdc.jpg','size':301538,'width':860,'height':600,'filename':'09ac8c63e01e6c2cd85f06bc0d45c511.jpg','metadata':{'width':860,'height':600,'blurHash':'eEH_ug_3N39ZNZ~CIUNFWAIV%L-:D%ni9F-QozD*oaM|$yWUNLoexv','blurHashWidth':32}}",Groceries,Groceries,,https://www.terramadre.com.au/retail/northcote,"Groceries, All",,2024-10-28T09:46:31.726Z,2024-10-28T09:46:31.726Z
530,Smith + Daughters,"107 Cambridge St, Collingwood VIC 3066, Australia",Plant-based fare served in a warm pub with industrial-chic decor & a bar.,"{'url':'19755b8978f4e2e3d240b57eb537cba910e19cbcb3f72fc8d7587e5f1b34ce4f.jpeg','size':9032,'width':201,'height':251,'filename':'sad.jpeg','metadata':{'width':201,'height':251,'blurHash':'eBBe{q5mM|I;9u58%1t6R*s:0g9b%1=_%1Eg-UEMNH$%S$^P%19vIp','blurHashWidth':32}}",Cafes & Restaurants,Cafes & Restaurants,,https://www.smithanddaughters.com/,"Cafes & Restaurants, All",,2024-10-28T09:46:31.721Z,2024-10-28T09:46:31.721Z
529,Oak & Young Wine,"107 Station St, Fairfield VIC 3078, Australia","An ethical wine shop, sourcing and serving accessible wines from Victoria and abroad to our local community.","{'url':'845abbcd591ae7687d35e1de04dd935fef070b2087e9557a2c705505fa5b2c9f.jpg','size':174090,'width':765,'height':1020,'filename':'oak-and-young.jpg','metadata':{'width':765,'height':1020,'blurHash':'eRKnbtnh?bxuRj_4j]ofj]t7VrozRjR*xuxvWA-:j[WAIpj[xuayoL','blurHashWidth':32}}",Alcohol,Alcohol,,https://www.oakandyoung.com.au/,"Alcohol, All",,2024-10-28T09:46:31.716Z,2024-10-28T09:46:31.716Z
528,Glou,"310 Smith St, Collingwood VIC 3066, Australia","Glou Wine Bar and Shop uses a closed loop system to ensure strict adherence to circular principles, working with winemakers to take wine from the barrel straight to consumers in bottles that can be refilled. This cuts out single use vessels and almost halves the weight in transport, meaning a drastically reduced carbon footprint. Not only this, but it means that you can buy the wine for 30% cheaper! In all, their focus on people, the environment, and most importantly booze, culminates in their status as one of Melbourne's leading figures in the sustainable wine space.","{'url':'ed25994d4da38deaeb1af29ef3e41107ddad658de89b1b87ef74bf066d535344.jpeg','size':16411,'width':274,'height':184,'filename':'glou.jpeg','metadata':{'width':274,'height':184,'blurHash':'edHmc3oJWWoLfj~9kBjZoLaz%1j@j@j[fQxaayazj@j@%1fRayj[j@','blurHashWidth':32}}",Alcohol,Alcohol,,https://glou.com.au/,"Alcohol, All",,2024-10-28T09:46:31.711Z,2025-03-07T10:09:13.097Z
527,ReWine,"460 Queen St, Melbourne VIC 3000, Australia","ReWine is Melbourne’s sustainable wine merchant, and here we do things a little differently. We're not just a wine merchant, we're a community of passionate wine lovers who believe in making a difference for a sustainable future.","{'url':'b823f7e23a5f9e6d824650edf5629236134d6e7b48395e4f3def405e1b50fc9e.jpeg','size':9784,'width':249,'height':202,'filename':'rewine.jpeg','metadata':{'width':249,'height':202,'blurHash':'eMHxc,00?I%L%Lk?V?%Mxtog%MM|t7%LNG?aRja#t7j?R.t7WBWDt7','blurHashWidth':32}}",Alcohol,Alcohol,,https://www.rewine.com.au/,"Alcohol, All",,2024-10-28T09:46:31.700Z,2024-10-28T09:46:31.700Z
526,ReWine,"522 Lygon St, Brunswick East VIC 3057, Australia","ReWine is Melbourne’s sustainable wine merchant, and here we do things a little differently. We're not just a wine merchant, we're a community of passionate wine lovers who believe in making a difference for a sustainable future.","{'url':'b823f7e23a5f9e6d824650edf5629236134d6e7b48395e4f3def405e1b50fc9e.jpeg','size':9784,'width':249,'height':202,'filename':'rewine.jpeg','metadata':{'width':249,'height':202,'blurHash':'eMHxc,00?I%L%Lk?V?%Mxtog%MM|t7%LNG?aRja#t7j?R.t7WBWDt7','blurHashWidth':32}}",Alcohol,Alcohol,,https://www.rewine.com.au/,"Alcohol, All",,2024-10-28T09:46:31.695Z,2024-10-28T09:46:31.695Z
525,Transformer Next Door,"382 Brunswick St, Fitzroy VIC 3065, Australia","Transformer Next Door is a vegetarian wine bar & eatery specialising in refined and elegant seasonal dining within a relaxed eco-friendly space. Inspired by a variety of cuisines, sourced from local small-scale growers, the menu will change with the seasons, celebrating produce at its best and supporting organic and biodynamic practices where possible.","{'url':'9b1a239a75b598a7d44208a5434304033c6087f3812bc875154a396256210438.jpeg','size':9093,'width':251,'height':201,'filename':'transformer.jpeg','metadata':{'width':251,'height':201,'blurHash':'eCExU__1%0xZxW%2IVEMwbxZ4.M{R:v~$*_1~Ax]r?r?#+E1t6xYw[','blurHashWidth':32}}",Cafes & Restaurants,Cafes & Restaurants,,https://www.transformernextdoor.com.au/,"Cafes & Restaurants, All",,2024-10-28T09:46:31.691Z,2024-10-28T09:46:31.691Z
524,Vegie Bar,"380 Brunswick St, Fitzroy VIC 3065, Australia","Inventive veggie and vegan meals, raw food and cocktails in a lively space with a leafy courtyard.","{'url':'94c4fdd0af312f37eb2b01b3a587aa4b5be261b5b98ad000581c91277456adb0.jpeg','size':12178,'width':275,'height':183,'filename':'vegieBar.jpeg','metadata':{'width':275,'height':183,'blurHash':'e,I5f7WXxaVrtR?wxuWBaJogtmt7f5ocWCSiWWofkDjtj]aeogozj@','blurHashWidth':32}}",Cafes & Restaurants,Cafes & Restaurants,,https://www.vegiebar.com.au/,"Cafes & Restaurants, All",,2024-10-28T09:46:31.686Z,2024-10-28T09:46:31.686Z
523,Madame K's Vegetarian,"367 Brunswick St, Fitzroy VIC 3065, Australia","Moody, glass-fronted space with stylish decor offering Asian dishes & vegan-friendly wine.","{'url':'dad4330d331840071a61b82ebc97503e2199369d2bb3c033be7ee258e8695e22.jpeg','size':13749,'width':251,'height':201,'filename':'madameks.jpeg','metadata':{'width':251,'height':201,'blurHash':'eLLpHai_RObds*}=Nba#s,ItI@WUE3S#jDxaNKI@aekWIVNHog$zOZ','blurHashWidth':32}}",Cafes & Restaurants,Cafes & Restaurants,,https://www.madamek.com.au/,"Cafes & Restaurants, All",,2024-10-28T09:46:31.681Z,2024-10-28T09:46:31.681Z
522,Madame K's Vegetarian,"273 King St, Melbourne VIC 3000, Australia","Moody, glass-fronted space with stylish decor offering Asian dishes & vegan-friendly wine.","{'url':'dad4330d331840071a61b82ebc97503e2199369d2bb3c033be7ee258e8695e22.jpeg','size':13749,'width':251,'height':201,'filename':'madameks.jpeg','metadata':{'width':251,'height':201,'blurHash':'eLLpHai_RObds*}=Nba#s,ItI@WUE3S#jDxaNKI@aekWIVNHog$zOZ','blurHashWidth':32}}",Cafes & Restaurants,Cafes & Restaurants,,https://www.madamek.com.au/,"Cafes & Restaurants, All",,2024-10-28T09:46:31.677Z,2024-10-28T09:46:31.677Z
521,Brother Bon,"377-379 High St, Northcote VIC 3070, Australia","We are a family restaurant that began as a dream in the heart of a young man more than 20 years ago. His vision was a more compassionate world, his mission to make vegan food accessible to all. Now many years later, his family continues that journey and pays tribute to him with the name Brother Bon. We are a 100% vegan restaurant and pride ourselves in catering for those with food allergies. We are solar powered, pay fair wages and of course make delicious vegan food! Great for your health and environment too! We are now serving vegan breakfast and lunch during the day, and operate as casual restaurant at night. Great for groups, couples and young families. Our staff are friendly and our chefs serve amazing vegan food. Come try us out!","{'url':'43261f7c8732d8ebc1958257b828ce6082e444c92438338de93ff8f9684bfcc8.jpg','size':721862,'width':3000,'height':1621,'filename':'brotherBon.jpg','metadata':{'width':3000,'height':1621,'blurHash':'eOK1EsIB4TZ}t,^PtRIAjFbJnNjE%Nf$Mx-mnStQRkV?$+XSM{RQs;','blurHashWidth':32}}",Cafes & Restaurants,Cafes & Restaurants,,https://www.brotherbon.com.au/,"Cafes & Restaurants, All",,2024-10-28T09:46:31.672Z,2024-10-28T09:46:31.672Z
520,Ballard’s,"915 High St, Thornbury VIC 3071, Australia",All plant based food & wine bar.,"{'url':'72ca8599bd1fdf98348c2941c19220126addcd1a0109b10aed1548ecc0ed009a.jpg','size':318109,'width':860,'height':600,'filename':'c3bfb71c3976b54c543274b4b2902465.jpg','metadata':{'width':860,'height':600,'blurHash':'eQG@YsEMtRs,-o}mt7V@xZRj#kkCS2ofR+xZV@xaRjbI$zxtf5t7n$','blurHashWidth':32}}",Cafes & Restaurants,Cafes & Restaurants,,https://carrot-jellyfish-7mgz.squarespace.com/,"Cafes & Restaurants, All",,2024-10-28T09:46:31.667Z,2025-03-07T12:05:18.038Z
519,Jumi's Cafe,"589 Chapel St, South Yarra VIC 3141, Australia","Juice & Smoothie bar serving an array of other foods such as toasties, wraps, acai bowls, treats, health shots, coffee & more!","{'url':'b2e3d3c7063ba3bada266005f1993710fde2a9bf46756c1520a969bf4bb00ea6.jpeg','size':666011,'width':2500,'height':1406,'filename':'jumis.jpeg','metadata':{'width':2500,'height':1406,'blurHash':'eIHxTp;K=y-;E%_NE0M{RPoz5;4.Xm%2rr9F-:tRVts:IA-VxaoJX9','blurHashWidth':32}}",Cafes & Restaurants,Cafes & Restaurants,,https://www.jumis.com.au/,"Cafes & Restaurants, All",,2024-10-28T09:46:31.663Z,2024-10-28T09:46:31.663Z
518,Tahina,"223 High St, Northcote VIC 3070, Australia","A little bit goes a long way. Tahina Zhoug pairs perfectly with falafels, roast vegetables, curries, sandwiches, salads, pizza, barbecue—just about everything.","{'url':'761ee7e3d7d31676d28b89cb654e1b307e96b2cb58d4623ff47e9da00398cae4.jpeg','size':12319,'width':275,'height':183,'filename':'tahina.jpeg','metadata':{'width':275,'height':183,'blurHash':'eFJREh4n9Z9ERkE1?bIAD%Rk9uIoIoRPs,8^s.%fbcoMRhWXxbx^bc','blurHashWidth':32}}",Cafes & Restaurants,Cafes & Restaurants,,https://www.tahinabar.com/,"Cafes & Restaurants, All",,2024-10-28T09:46:31.658Z,2024-10-28T09:46:31.658Z
517,Vege2go,"308 Queens Parade, Fitzroy North VIC 3068, Australia","We are NDIS registered food provider! Vegan, vegetarian, gluten free, low fodmap Home delivery to NDIS customers in Australia! All natural and fresh ingredient!","{'url':'16b2d5c656405484e56967c3adb63299125864dbfbec048b612f2693bc813ce8.jpg','size':301569,'width':1280,'height':1280,'filename':'capsicum_P__14236.1353222435.jpg','metadata':{'width':1280,'height':1280,'blurHash':'eHK0l|=^pIIUsp4nx]E1NtIV?]o{n#tLE3rWNb%LxFbbMxM{M|eptP','blurHashWidth':32}}",Cafes & Restaurants,Cafes & Restaurants,,https://www.vege2go.com.au/,"Cafes & Restaurants, All",,2024-10-28T09:46:31.653Z,2024-10-28T09:46:31.653Z
516,Vege2go,"452 Lygon St, Brunswick East VIC 3057, Australia","We are NDIS registered food provider! Vegan, vegetarian, gluten free, low fodmap Home delivery to NDIS customers in Australia! All natural and fresh ingredient!","{'url':'16b2d5c656405484e56967c3adb63299125864dbfbec048b612f2693bc813ce8.jpg','size':301569,'width':1280,'height':1280,'filename':'capsicum_P__14236.1353222435.jpg','metadata':{'width':1280,'height':1280,'blurHash':'eHK0l|=^pIIUsp4nx]E1NtIV?]o{n#tLE3rWNb%LxFbbMxM{M|eptP','blurHashWidth':32}}",Cafes & Restaurants,Cafes & Restaurants,,https://www.vege2go.com.au/,"Cafes & Restaurants, All",,2024-10-28T09:46:31.649Z,2024-10-28T09:46:31.649Z
515,SHU,"147 Johnston St, Collingwood VIC 3066, Australia","Combining authentic Sichuan flavours, local ingredients and modern cooking to create a 100% vegan dining experience. Food, drinks and events space.","{'url':'7a5cdba89e7a30987e95e882005e3560750c43544087c32df54e02d6d33d7fcb.jpg','size':14767,'width':275,'height':183,'filename':'shu.jpg','metadata':{'width':275,'height':183,'blurHash':'eKHAIc%L^5JBw|t6-A%0-V$%0~-otQxF$MS~I=s;V@R*ogNGaexakW','blurHashWidth':32}}",Cafes & Restaurants,Cafes & Restaurants,,https://www.shurestaurant.com/,"Cafes & Restaurants, All",,2024-10-28T09:46:31.644Z,2024-10-28T09:46:31.644Z
514,Just Falafs,"207 St Georges Rd, Fitzroy North VIC 3068, Australia","Casual counter-serve with limited seating dispensing falafel plates & haloumi pitas, plus desserts.","{'url':'67e9dfc9c5d2d2d81cc6f7377e218a4b213a4cfaca70437049f8b7f368ce059b.jpeg','size':67394,'width':550,'height':440,'filename':'justFalafs.jpeg','metadata':{'width':550,'height':440,'blurHash':'eDH^;LKO-E=xK7PS9]IwX3Si~mV|$k?Z$+$*IWW?R%WFa2s+WBV@Na','blurHashWidth':32}}",Cafes & Restaurants,Cafes & Restaurants,,https://www.justfalafs.com.au/,"Cafes & Restaurants, All",,2024-10-28T09:46:31.639Z,2024-10-28T09:46:31.639Z
513,Red Sparrow Pizza,"406 Smith St, Collingwood VIC 3066, Australia","Red Sparrow Pizza is Melbourne's first and only 100% vegan pizzeria, located on Smith St, Collingwood. We offer a range of vegan pizzas, sides and desserts as well as a full bar menu with beer, wine and cocktails. Bookings are available on our website.","{'url':'b92da6a61dca7a7c9bf3bf258911daaa175663bda7885b70cd52bb1272e9553e.jpg','size':919144,'width':1330,'height':1330,'filename':'redSparrow.jpg','metadata':{'width':1330,'height':1330,'blurHash':'eBKvsu;14-MxbD%Xi{^ie:ELE3t7R$9tShx^0z%39G9ts=Ef9c9|Io','blurHashWidth':32}}",Cafes & Restaurants,Cafes & Restaurants,,https://www.redsparrowpizza.com/,"Cafes & Restaurants, All",,2024-10-28T09:46:31.634Z,2024-10-28T09:46:31.634Z
512,Loving Hut Richmond,"10/242 Victoria St, Richmond VIC 3121, Australia",Outpost of a vegan counter-serve chain with Asian-accented menus that vary by location.,"{'url':'e4589ce7cc15d06ab033c381dcfafd804249964f3a3009def7ccabb93a4761d4.jpeg','size':673061,'width':2880,'height':2304,'filename':'9ba9ffab5f885fc3dac87838b3357014.jpeg','metadata':{'width':2880,'height':2304,'blurHash':'eHMi=xtSxv~BXRT2Mc,.bIxuo~JQx^kVWBo}XUx[s8NdxDtSogoznM','blurHashWidth':32}}",Cafes & Restaurants,Cafes & Restaurants,,https://lovinghutmelbourne.com.au/,"Cafes & Restaurants, All",,2024-10-28T09:46:31.630Z,2024-10-28T09:46:31.630Z
511,Friends of the Earth Melbourne Food Coop,"312 Smith St, Collingwood VIC 3066, Australia","Established in 1975, Friends of the Earth Melbourne's Food Co-op and Café addresses sustainability at a fundamental level − fulfilling our basic needs in a way that's healthy, fair and affordable for people and the environment. The Co-op is an ethical trader that provides food, fruit and vegetables, health and eco-cleaning products.","{'url':'11a0b0416a22f25307ff9c626c42a7428f8c09bf40d77bf74105df0fe700e9cc.jpeg','size':236504,'width':1024,'height':689,'filename':'hcmp9110_380906.jpeg','metadata':{'width':1024,'height':689,'blurHash':'eDGR*T_N=}?ZpKyE_Mp0-;-n8{srbbo#%M~9VtS$WTWaRpo|xufmRP','blurHashWidth':32}}",Cafes & Restaurants,Cafes & Restaurants,,https://www.foefood.org/,"Cafes & Restaurants, All",,2024-10-28T09:46:31.625Z,2024-10-28T09:46:31.625Z
510,Easy Vegan,"140 Victoria St, Richmond VIC 3121, Australia","Our dream is a world vegan, world peace. Let's begin on our plate.","{'url':'64a747a52bc10ef12167a31d2bb87f045b6dd9886955427bd055bc9baa7b16a4.png','size':8204,'width':225,'height':225,'filename':'easyVegan.png','metadata':{'width':225,'height':225,'blurHash':'eJSPOo-:?w?bbb^lWAS|ogae%Mfka}oMn%t+t7whn+j[.TofMwf6M_','blurHashWidth':32}}",Cafes & Restaurants,Cafes & Restaurants,,https://www.facebook.com/profile.php?id=100076635842204,"Cafes & Restaurants, All",,2024-10-28T09:46:31.620Z,2024-10-28T09:46:31.620Z
509,For Change Cafe,"6 Florence St, Brunswick VIC 3056, Australia","For Change Cafes are more than just places for great food and coffee – For Change Cafes are a social enterprise on a mission to end youth homelessness.

What is a social enterprise? Social enterprises are businesses that exist to create a fairer world. For Change Cafes exist to create opportunities for young people experiencing disadvantage and homelessness.","{'url':'bc20863bf225744bb1cd27e18b0b441419260c1260fa23be9771dd31168179b6.jpg','size':214312,'width':1200,'height':700,'filename':'Copy-of-2T8A2087-1200x700.jpg','metadata':{'width':1200,'height':700,'blurHash':'eIFrbH~o?b^*Eg9F.7kWxuozN_NHozWCxt-mV?n$s+ax4:flNGR+ae','blurHashWidth':32}}",Cafes & Restaurants,Cafes & Restaurants,,https://forchangeco.com.au/,"Cafes & Restaurants, All",,2024-10-28T09:46:31.615Z,2024-10-28T09:46:31.615Z
508,Harvest,"108 Station St, Fairfield VIC 3078, Australia","We are passionate about real food, simple food, seasonal food, local food; food from farm to plate, that is as good for the earth as it is for us.

Harvest Foodstore (once Organic Gertrude) has been providing you with the best organic and local food since 2001. This business is really two in one, a cafe specialising in healthy, local and organic dishes and a foodstore when you can buy organic fruit, veg, meat dairy and groceries.","{'url':'e1c3d6870fd9a66d9565a8ab6c47fbd58cfc5d0784641eb6a2ba3d5c29eb4409.jpeg','size':11405,'width':275,'height':183,'filename':'harvest.jpeg','metadata':{'width':275,'height':183,'blurHash':'eOGtZj^jtRxZt6~A-o=_n%Rk?ExtR*Rkad%1xaR*WBNHS6oyoJWBWB','blurHashWidth':32}}",Cafes & Restaurants,Cafes,,https://www.harvestfoodstore.com.au/,"Cafes & Restaurants, All",,2024-10-28T09:46:31.611Z,2024-10-28T09:46:31.611Z
507,Collective Closets,"Level 1, Studio 110/35 Johnston St, Collingwood VIC 3066, Australia","Collective Closets was created to fill a gap in the Australian market – one that connects to the talent, beauty and rich history of the African continent. Each Collective Closets collection is a celebration – of both the incredible artisans who make our threads and the beautiful people who wear them. This is a brand passionate about designing clothing with intention. The Collective Closets woman is empowered. She’s worldly, self-aware and youthful no matter what her age. She wears clothing that makes her feel good; her wardrobe tells a story through pieces created with purpose and intention. She’s forever learning, never hiding and always willing to join the conversation – at every stage of her life. Made in Melbourne.","{'url':'77285412a99ab9b92d7be7f9052bc3cc5d2b43a5e5b097502693199baab65611.jpeg','size':12211,'width':201,'height':251,'filename':'collectiveClosets.jpeg','metadata':{'width':201,'height':251,'blurHash':'e6ELa9?].H5@khz-rC0K9ZEK3mE48}-CQ:ABC7^N?G=e?aIB#SxrM_','blurHashWidth':32}}",Fashion,Fashion,,https://collectiveclosets.com.au/,"Fashion, All",,2024-10-28T09:46:31.605Z,2024-10-28T09:46:31.605Z
506,South Geelong Farmers Market,"200 Yarra St, Geelong VIC 3220, Australia",South Geelong Farmers Market aims to provide local farmers and producers with an outlet to sell their artisan and gourmet produce direct to the public. Find us on the first and third Sunday of the month.,,Markets,Markets,,https://www.facebook.com/SouthGeelongFM,"Markets, All",,2024-10-28T09:46:31.599Z,2024-10-28T09:46:31.599Z
